id;tags;category;region;county;address;longitude;latitude;nearby;datetime;light;weather;road_conditions;participants_count;participant_categories;severity;dead_count;injured_count
160;Дорожно-транспортные происшествия;Столкновение;Магаданская область;Магадан;Магадан, Р-504 Колыма Якутск - Магадан, 1976км;1.0;1.0;Отсутствие в непосредственной близости объектов УДС и объектов притяжения, Перегон (нет объектов на месте ДТП);2015-01-01 06:30:00;В темное время суток, освещение отсутствует;Ясно;Не установлены;3;Все участники;Легкий;0;1
514;Дорожно-транспортные происшествия;Наезд на препятствие;Магаданская область;Магадан;г Магадан, ул Приморская, 1 А;150.123889;59.918056;Отсутствие в непосредственной близости объектов УДС и объектов притяжения, Перегон (нет объектов на месте ДТП);2015-01-02 01:20:00;В темное время суток, освещение включено;Пасмурно;Не установлены;2;Все участники;Легкий;0;1
539;Дорожно-транспортные происшествия;Наезд на препятствие;Магаданская область;Магадан;г Магадан, ул Речная, 63-1;150.1225;59.085;Отсутствие в непосредственной близости объектов УДС и объектов притяжения, Перегон (нет объектов на месте ДТП);2015-01-02 03:50:00;В темное время суток, освещение включено;Ясно;Не установлены;2;Все участники;Тяжёлый;0;1
683;Дорожно-транспортные происшествия;Столкновение;Магаданская область;Магадан;г Магадан, ул Полярная, 18;150.790833;59.561667;Отсутствие в непосредственной близости объектов УДС и объектов притяжения, Перегон (нет объектов на месте ДТП);2015-01-02 14:25:00;Светлое время суток;Пасмурно;Отсутствие, плохая различимость горизонтальной разметки проезжей части;4;Все участники;Легкий;0;1
1328;Дорожно-транспортные происшествия;Наезд на пешехода;Магаданская область;Магадан;Магадан, Р-504 Колыма Якутск - Магадан, 2017км;150.913333;59.605;Отсутствие в непосредственной близости объектов УДС и объектов притяжения, Перегон (нет объектов на месте ДТП);2015-01-03 19:55:00;В темное время суток, освещение отсутствует;Ясно;Не установлены;2;Все участники, Пешеходы;Тяжёлый;0;1
2138;Дорожно-транспортные происшествия;Съезд с дороги;Магаданская область;Магадан;г Магадан, ш Портовое, 70;150.768889;59.565;Отсутствие в непосредственной близости объектов УДС и объектов притяжения, Перегон (нет объектов на месте ДТП);2015-01-06 02:00:00;В темное время суток, освещение включено;Ясно;Не установлены;1;Все участники;Легкий;0;1
2524;Дорожно-транспортные происшествия;Столкновение;Магаданская область;Магадан;г Магадан, ул Приморская, 1а;150.7775;59.560556;Отсутствие в непосредственной близости объектов УДС и объектов притяжения, Перегон (нет объектов на месте ДТП);2015-01-07 02:00:00;В темное время суток, освещение отсутствует;Снегопад;Не установлены;3;Все участники;Легкий;0;2
2557;Дорожно-транспортные происшествия;Съезд с дороги;Магаданская область;Тенькинский район;Тенькинский район, ПАЛАТКА-КУЛУ-НЕКСИКАН, 176км;149.620556;61.110556;Отсутствие в непосредственной близости объектов УДС и объектов притяжения, Перегон (нет объектов на месте ДТП);2015-01-07 08:15:00;Сумерки;Пасмурно;Не установлены;3;Все участники;Тяжёлый;0;1
5696;Дорожно-транспортные происшествия;Столкновение;Магаданская область;Хасынский район;Хасынский район, ПАЛАТКА-КУЛУ-НЕКСИКАН, 4км;150.946362;60.142873;Иной объект, Мост, эстакада, путепровод, Отсутствие в непосредственной близости объектов УДС и объектов притяжения, Перегон (нет объектов на месте ДТП);2015-01-15 10:20:00;Светлое время суток;Ясно;Не установлены;16;Все участники;Тяжёлый;0;1
5713;Дорожно-транспортные происшествия;Столкновение;Магаданская область;Магадан;Магадан, Р-504 Колыма Якутск - Магадан, 2012км;150.884167;59.603056;Отсутствие в непосредственной близости объектов УДС и объектов притяжения, Перегон (нет объектов на месте ДТП);2015-01-15 11:30:00;Светлое время суток;Ясно;Не установлены;3;Все участники;Легкий;0;3
7055;Дорожно-транспортные происшествия;Наезд на пешехода;Магаданская область;Магадан;г Магадан, ул Набережная реки Магаданки, 7;150.81;59.569167;Жилые дома индивидуальной застройки, Нерегулируемый пешеходный переход, Отсутствие в непосредственной близости объектов УДС и объектов притяжения, Перегон (нет объектов на месте ДТП);2015-01-18 12:40:00;Светлое время суток;Ясно;Отсутствие, плохая различимость горизонтальной разметки проезжей части;2;Все участники, Пешеходы;Легкий;0;1
8161;Дорожно-транспортные происшествия;Наезд на препятствие;Магаданская область;Магадан;г Магадан, ул Рыбозаводская, 21а;150.8875;59.545;Отсутствие в непосредственной близости объектов УДС и объектов притяжения, Перегон (нет объектов на месте ДТП);2015-01-20 23:00:00;В темное время суток, освещение включено;Ясно;Недостатки зимнего содержания;2;Все участники;С погибшими;1;1
8967;Дорожно-транспортные происшествия;Столкновение;Магаданская область;Магадан;г Магадан, пр-кт Ленина, 3;150.808056;59.568056;Административные здания, Отсутствие в непосредственной близости объектов УДС и объектов притяжения, Перегон (нет объектов на месте ДТП), Регулируемый перекресток;2015-01-23 01:15:00;В темное время суток, освещение включено;Пасмурно;Недостатки зимнего содержания;6;Все участники;Тяжёлый;0;5
9637;Дорожно-транспортные происшествия;Столкновение;Магаданская область;Магадан;г Магадан, ул Портовая, 4;150.803333;59.562778;Отсутствие в непосредственной близости объектов УДС и объектов притяжения, Перегон (нет объектов на месте ДТП);2015-01-24 17:40:00;В темное время суток, освещение включено;Ясно;Не установлены;3;Все участники;Легкий;0;1
10310;Дорожно-транспортные происшествия;Столкновение;Магаданская область;Магадан;г Магадан, ул Портовая, 25-21;150.783333;59.564167;Отсутствие в непосредственной близости объектов УДС и объектов притяжения, Перегон (нет объектов на месте ДТП);2015-01-26 17:40:00;В темное время суток, освещение включено;Ясно;Отсутствие, плохая различимость горизонтальной разметки проезжей части;3;Все участники;Легкий;0;2
10463;Дорожно-транспортные происшествия;Столкновение;Магаданская область;Магадан;Магадан, МАГАДАН-БАЛАГАННОЕ-ТАЛОН, 4км;150.785556;59.592778;Отсутствие в непосредственной близости объектов УДС и объектов притяжения, Перегон (нет объектов на месте ДТП);2015-01-27 08:20:00;Сумерки;Снегопад;Не установлены;3;Все участники;Легкий;0;1
13507;Дорожно-транспортные происшествия;Столкновение;Магаданская область;Магадан;г Магадан, ул Первомайская, 1;150.877778;59.543056;Нерегулируемый перекрёсток, Нерегулируемый перекрёсток неравнозначных улиц (дорог), Отсутствие в непосредственной близости объектов УДС и объектов притяжения, Перегон (нет объектов на месте ДТП);2015-02-04 07:23:00;Светлое время суток;Ясно;Не установлены;3;Все участники;С погибшими;1;1
13787;Дорожно-транспортные происшествия;Столкновение;Магаданская область;Магадан;г Магадан, ул Набережная реки Магаданки, 15;150.823889;59.561944;Административные здания, Отсутствие в непосредственной близости объектов УДС и объектов притяжения, Перегон (нет объектов на месте ДТП), Регулируемый перекресток;2015-02-04 21:25:00;В темное время суток, освещение включено;Ясно;Недостатки зимнего содержания;3;Все участники;Легкий;0;1
15159;Дорожно-транспортные происшествия;Столкновение;Магаданская область;Магадан;;150.811944;59.570833;Отсутствие в непосредственной близости объектов УДС и объектов притяжения, Перегон (нет объектов на месте ДТП);2015-02-08 13:30:00;Светлое время суток;Пасмурно;Не установлены;3;Все участники;Легкий;0;1
15608;Дорожно-транспортные происшествия;Наезд на пешехода;Магаданская область;Магадан;г Магадан, ш Марчеканское, 29-1;150.795278;59.548889;Отсутствие в непосредственной близости объектов УДС и объектов притяжения, Перегон (нет объектов на месте ДТП);2015-02-09 15:00:00;Светлое время суток;Ясно;Не установлены;2;Все участники, Пешеходы;Тяжёлый;0;1
15970;Дорожно-транспортные происшествия;Наезд на пешехода;Магаданская область;Магадан;г Магадан, ул Портовая, 5 а;79.135556;56.501667;Внутридворовая территория, Одиночный торговый объект, являющийся местом притяжения транспорта и (или) пешеходов, Отсутствие в непосредственной близости объектов УДС и объектов притяжения, Перегон (нет объектов на месте ДТП);2015-02-10 14:10:00;Светлое время суток;Ясно;Не установлены;2;Все участники, Пешеходы;Легкий;0;1
16769;Дорожно-транспортные происшествия;Столкновение;Магаданская область;Магадан;г Магадан, ул Пролетарская, 42;150.818056;59.560556;Отсутствие в непосредственной близости объектов УДС и объектов притяжения, Перегон (нет объектов на месте ДТП);2015-02-12 19:50:00;В темное время суток, освещение включено;Ясно;Не установлены;2;Все участники;Легкий;0;1
16948;Дорожно-транспортные происшествия;Опрокидывание;Магаданская область;Хасынский район;Хасынский район, Автоподъезд от ФАД Колыма к п. Талая, 28км;152.355556;61.135556;Отсутствие в непосредственной близости объектов УДС и объектов притяжения, Перегон (нет объектов на месте ДТП);2015-02-13 11:30:00;Светлое время суток;Ясно;Не установлены;1;Все участники;Легкий;0;1
16953;Дорожно-транспортные происшествия;Столкновение;Магаданская область;Северо-Эвенский район;Северо-Эвенский район, ГОК КВАРЦЕВЫЙ - ГОК КУБАКА, 41км;159.1875;63.261667;Отсутствие в непосредственной близости объектов УДС и объектов притяжения, Перегон (нет объектов на месте ДТП);2015-02-13 11:45:00;Светлое время суток;Ясно;Не установлены;2;Все участники;Тяжёлый;0;1
17231;Дорожно-транспортные происшествия;Столкновение;Магаданская область;Магадан;г Магадан, ул Лукса, 15;150.803056;59.550556;Нерегулируемый перекрёсток, Нерегулируемый перекрёсток неравнозначных улиц (дорог), Отсутствие в непосредственной близости объектов УДС и объектов притяжения, Перегон (нет объектов на месте ДТП);2015-02-13 23:27:00;В темное время суток, освещение включено;Ясно;Не установлены;2;Все участники;Тяжёлый;0;2
17574;Дорожно-транспортные происшествия;Столкновение;Магаданская область;Магадан;г Магадан, ул Гагарина, 44-1;150.811389;59.551667;Административные здания, Объект (здание, сооружение) религиозного культа, Регулируемый перекресток, Регулируемый пешеходный переход;2015-02-14 18:54:00;В темное время суток, освещение включено;Ясно;Не установлены;2;Все участники;Легкий;0;1
17786;Дорожно-транспортные происшествия;Столкновение;Магаданская область;Магадан;г Магадан, ул Пролетарская, 14;150.810833;59.565556;Нерегулируемый перекрёсток, Нерегулируемый перекрёсток неравнозначных улиц (дорог), Отсутствие в непосредственной близости объектов УДС и объектов притяжения, Перегон (нет объектов на месте ДТП);2015-02-15 06:35:00;Светлое время суток;Ясно;Не установлены;2;Все участники;Легкий;0;1
17997;Дорожно-транспортные происшествия;Столкновение;Магаданская область;Магадан;г Магадан, ул Кольцевая, 1;150.8325;59.551944;Отсутствие в непосредственной близости объектов УДС и объектов притяжения, Перегон (нет объектов на месте ДТП);2015-02-15 18:30:00;В темное время суток, освещение включено;Пасмурно;Не установлены;3;Все участники;Легкий;0;1
18053;Дорожно-транспортные происшествия;Столкновение;Магаданская область;Магадан;г Магадан, пр-кт Карла Маркса, 80;150.821667;59.552778;Многоквартирные жилые дома, Остановка общественного транспорта, Отсутствие в непосредственной близости объектов УДС и объектов притяжения, Перегон (нет объектов на месте ДТП);2015-02-15 20:35:00;В темное время суток, освещение включено;Ясно;Не установлены;2;Все участники;Легкий;0;1
18121;Дорожно-транспортные происшествия;Столкновение;Магаданская область;Магадан;г Магадан, ул Набережная реки Магаданки, 71;150.839167;59.555;Отсутствие в непосредственной близости объектов УДС и объектов притяжения, Перегон (нет объектов на месте ДТП);2015-02-16 03:20:00;В темное время суток, освещение включено;Пасмурно;Не установлены;3;Все участники;Легкий;0;1
18970;Дорожно-транспортные происшествия;Столкновение;Магаданская область;Ягоднинский район;Ягоднинский район, Р-504 Колыма Якутск - Магадан, 1496км;149.625;62.525278;Отсутствие в непосредственной близости объектов УДС и объектов притяжения, Перегон (нет объектов на месте ДТП);2015-02-18 12:15:00;Светлое время суток;Температура ниже -30С, Ясно;Не установлены;3;Все участники;Тяжёлый;0;1
19136;Дорожно-транспортные происшествия;Наезд на стоящее ТС;Магаданская область;Магадан;г Магадан, ул Кольцевая, 50;150.811389;59.548889;Отсутствие в непосредственной близости объектов УДС и объектов притяжения, Перегон (нет объектов на месте ДТП);2015-02-18 20:15:00;В темное время суток, освещение включено;Ясно;Не установлены;3;Все участники;Тяжёлый;0;2
20132;Дорожно-транспортные происшествия;Наезд на стоящее ТС;Магаданская область;Сусуманский район;Сусуманский район, П. МЯУНДЖА - П. ПЕРВОМАЙСКИЙ, 0км;147.188889;63.044167;Отсутствие в непосредственной близости объектов УДС и объектов притяжения, Перегон (нет объектов на месте ДТП);2015-02-21 12:20:00;Светлое время суток;Пасмурно;Не установлены;5;Все участники;С погибшими;1;0
21245;Дорожно-транспортные происшествия;Наезд на пешехода;Магаданская область;Магадан;г Магадан, ул Кольцевая, 8-1;150.814444;59.580278;Иная образовательная организация, Нерегулируемый пешеходный переход, расположенный на участке улицы или дороги, проходящей вдоль территории школы или иного детского учреждения, Отсутствие в непосредственной близости объектов УДС и объектов притяжения, Перегон (нет объектов на месте ДТП);2015-02-24 08:35:00;Светлое время суток;Ясно;Отсутствие, плохая различимость горизонтальной разметки проезжей части;2;Все участники, Пешеходы;Легкий;0;1
22158;Дорожно-транспортные происшествия;Наезд на препятствие;Магаданская область;Ягоднинский район;Ягоднинский район, Р-504 Колыма Якутск - Магадан, 1418км;148.158056;62.781667;Иной объект, Мост, эстакада, путепровод, Отсутствие в непосредственной близости объектов УДС и объектов притяжения, Перегон (нет объектов на месте ДТП);2015-02-26 16:05:00;Светлое время суток;Температура ниже -30С, Ясно;Не установлены;2;Все участники;Легкий;0;2
22754;Дорожно-транспортные происшествия;Столкновение;Магаданская область;Магадан;г Магадан, ул Зайцева, 1;150.776944;59.620278;Отсутствие в непосредственной близости объектов УДС и объектов притяжения, Перегон (нет объектов на месте ДТП);2015-02-28 11:40:00;Светлое время суток;Ясно;Не установлены;2;Все участники;Легкий;0;1
22882;Дорожно-транспортные происшествия;Столкновение;Магаданская область;Магадан;г Магадан, пр-кт Карла Маркса, 17;150.796944;59.567778;Жилые дома индивидуальной застройки, Нерегулируемый перекрёсток, Нерегулируемый перекрёсток неравнозначных улиц (дорог), Нерегулируемый пешеходный переход;2015-02-28 18:10:00;В темное время суток, освещение включено;Ясно;Не установлены;3;Все участники;Легкий;0;1
24427;Дорожно-транспортные происшествия;Наезд на пешехода;Магаданская область;Магадан;г Магадан, ул Якутская, 14;150.814167;59.56;Жилые дома индивидуальной застройки, Нерегулируемый пешеходный переход, Отсутствие в непосредственной близости объектов УДС и объектов притяжения, Перегон (нет объектов на месте ДТП);2015-03-05 11:55:00;Светлое время суток;Ясно;Недостатки зимнего содержания, Отсутствие, плохая различимость горизонтальной разметки проезжей части;2;Все участники, Пешеходы;Тяжёлый;0;1
24647;Дорожно-транспортные происшествия;Столкновение;Магаданская область;Магадан;;150.810278;59.569167;Отсутствие в непосредственной близости объектов УДС и объектов притяжения, Перегон (нет объектов на месте ДТП);2015-03-06 04:23:00;В темное время суток, освещение включено;Ясно;Не установлены;3;Все участники;С погибшими;1;1
25731;Дорожно-транспортные происшествия;Наезд на пешехода;Магаданская область;Магадан;г Магадан, пр-кт Карла Маркса, 65;150.815;59.556944;Отсутствие в непосредственной близости объектов УДС и объектов притяжения, Перегон (нет объектов на месте ДТП);2015-03-08 23:20:00;В темное время суток, освещение включено;Снегопад;Не установлены;3;Все участники, Пешеходы;Легкий;0;2
26351;Дорожно-транспортные происшествия;Наезд на пешехода;Магаданская область;Магадан;г Магадан, ул Пролетарская, 44;150.82;59.56;Выезд с прилегающей территории, Остановка общественного транспорта, Отсутствие в непосредственной близости объектов УДС и объектов притяжения, Перегон (нет объектов на месте ДТП);2015-03-10 14:30:00;Светлое время суток;Ясно;Не установлены;2;Все участники, Пешеходы;Тяжёлый;0;1
28143;Дорожно-транспортные происшествия;Столкновение;Магаданская область;Магадан;Магадан, ФАД КОЛЫМА-СНЕЖНАЯ ДОЛИНА, 2км;150.928889;59.632778;Отсутствие в непосредственной близости объектов УДС и объектов притяжения, Перегон (нет объектов на месте ДТП);2015-03-15 08:30:00;Светлое время суток;Ясно;Отсутствие, плохая различимость горизонтальной разметки проезжей части;3;Все участники;С погибшими;1;2
28702;Дорожно-транспортные происшествия;Столкновение;Магаданская область;Магадан;Магадан, Р-504 Колыма Якутск - Магадан, 2020км;150.854444;59.595278;Отсутствие в непосредственной близости объектов УДС и объектов притяжения, Перегон (нет объектов на месте ДТП);2015-03-16 19:20:00;В темное время суток, освещение отсутствует;Ясно;Отсутствие, плохая различимость горизонтальной разметки проезжей части;8;Все участники;Тяжёлый;0;6
30265;Дорожно-транспортные происшествия;Столкновение;Магаданская область;Магадан;г Магадан, пл Комсомольская, 3;150.798889;59.560278;Нерегулируемый перекрёсток, Нерегулируемый перекрёсток неравнозначных улиц (дорог), Отсутствие в непосредственной близости объектов УДС и объектов притяжения, Перегон (нет объектов на месте ДТП);2015-03-21 02:30:00;В темное время суток, освещение включено;Ясно;Не установлены;3;Все участники;Легкий;0;1
32056;Дорожно-транспортные происшествия;Съезд с дороги;Магаданская область;Магадан;г Магадан, Р-504 Колыма Якутск - Магадан, 1980км;150.781389;59.911389;Иной объект, Мост, эстакада, путепровод, Отсутствие в непосредственной близости объектов УДС и объектов притяжения, Перегон (нет объектов на месте ДТП);2015-03-25 23:45:00;В темное время суток, освещение отсутствует;Пасмурно;Не установлены;2;Все участники;С погибшими;1;1
32535;Дорожно-транспортные происшествия;Наезд на пешехода;Магаданская область;Магадан;г Магадан, пр-кт Ленина, 3;150.808333;59.568056;Отсутствие в непосредственной близости объектов УДС и объектов притяжения, Перегон (нет объектов на месте ДТП);2015-03-27 13:00:00;Светлое время суток;Ясно;Не установлены;2;Все участники, Пешеходы;Легкий;0;1
32604;Дорожно-транспортные происшествия;Наезд на пешехода;Магаданская область;Магадан;г Магадан, ул Якутская, 14;150.814167;59.56;Жилые дома индивидуальной застройки, Нерегулируемый пешеходный переход, Отсутствие в непосредственной близости объектов УДС и объектов притяжения, Перегон (нет объектов на месте ДТП);2015-03-27 16:50:00;Светлое время суток;Ясно;Отсутствие, плохая различимость горизонтальной разметки проезжей части;2;Все участники, Пешеходы;Тяжёлый;0;1
33697;Дорожно-транспортные происшествия;Опрокидывание;Магаданская область;Омсуканский район;Омсукчанский район, ГОК ЛУННОЕ - КАРЬЕР АРЫЛАХ, 0км;155.205556;63.090556;Отсутствие в непосредственной близости объектов УДС и объектов притяжения, Перегон (нет объектов на месте ДТП);2015-03-30 18:30:00;В темное время суток, освещение отсутствует;Ясно;Не установлены;1;Все участники;С погибшими;1;0
33793;Дорожно-транспортные происшествия;Съезд с дороги;Магаданская область;Хасынский район;Хасынский район, Р-504 Колыма Якутск - Магадан, 1946км;150.930278;60.090556;Отсутствие в непосредственной близости объектов УДС и объектов притяжения, Перегон (нет объектов на месте ДТП);2015-03-30 23:10:00;В темное время суток, освещение отсутствует;Снегопад;Не установлены;1;Все участники;Тяжёлый;0;1
35284;Дорожно-транспортные происшествия;Столкновение;Магаданская область;Магадан;г Магадан, ул Лукса, 2;150.811667;59.551667;Административные здания, Отсутствие в непосредственной близости объектов УДС и объектов притяжения, Перегон (нет объектов на месте ДТП), Регулируемый перекресток;2015-04-04 01:00:00;В темное время суток, освещение включено;Пасмурно;Не установлены;4;Все участники;Легкий;0;2
36677;Дорожно-транспортные происшествия;Опрокидывание;Магаданская область;Ягоднинский район;Ягоднинский район, Р-504 Колыма Якутск - Магадан, 1622км;151.672778;62.2625;Отсутствие в непосредственной близости объектов УДС и объектов притяжения, Перегон (нет объектов на месте ДТП);2015-04-07 23:00:00;В темное время суток, освещение отсутствует;Пасмурно;Не установлены;4;Все участники;Тяжёлый;0;3
37741;Дорожно-транспортные происшествия;Столкновение;Магаданская область;Магадан;г Магадан, ул Гагарина, 4;150.8;59.559167;Отсутствие в непосредственной близости объектов УДС и объектов притяжения, Перегон (нет объектов на месте ДТП);2015-04-10 20:00:00;В темное время суток, освещение включено;Ясно;Отсутствие, плохая различимость горизонтальной разметки проезжей части;5;Все участники;Тяжёлый;0;5
37953;Дорожно-транспортные происшествия;Опрокидывание;Магаданская область;Хасынский район;Хасынский район, Р-504 Колыма Якутск - Магадан, 1690км;152.228056;61.815556;Отсутствие в непосредственной близости объектов УДС и объектов притяжения, Перегон (нет объектов на месте ДТП);2015-04-11 10:10:00;Светлое время суток;Ясно;Не установлены;2;Все участники;С погибшими;1;1
39241;Дорожно-транспортные происшествия;Съезд с дороги;Магаданская область;Магадан;Магадан, Р-504 Колыма Якутск - Магадан, 1976км;150.754167;59.914444;Отсутствие в непосредственной близости объектов УДС и объектов притяжения, Перегон (нет объектов на месте ДТП);2015-04-13 20:50:00;Сумерки;Пасмурно;Не установлены;1;Все участники;Тяжёлый;0;1
39479;Дорожно-транспортные происшествия;Наезд на препятствие;Магаданская область;Магадан;г Магадан, ул Речная, 25;150.799444;59.589444;Отсутствие в непосредственной близости объектов УДС и объектов притяжения, Перегон (нет объектов на месте ДТП);2015-04-14 15:08:00;Светлое время суток;Ясно;Не установлены;1;Все участники;Легкий;0;1
39768;Дорожно-транспортные происшествия;Столкновение;Магаданская область;Магадан;г Магадан, ш Портовое, 47;150.799444;59.564444;Отсутствие в непосредственной близости объектов УДС и объектов притяжения, Перегон (нет объектов на месте ДТП);2015-04-15 09:00:00;Светлое время суток;Ясно;Не установлены;2;Все участники;Легкий;0;1
40496;Дорожно-транспортные происшествия;Наезд на пешехода;Магаданская область;Магадан;г Магадан, ул Лукса, 10;150.807222;59.551111;Внутридворовая территория, Одиночный торговый объект, являющийся местом притяжения транспорта и (или) пешеходов, Отсутствие в непосредственной близости объектов УДС и объектов притяжения, Перегон (нет объектов на месте ДТП);2015-04-17 08:25:00;Светлое время суток;Ясно;Недостатки зимнего содержания;2;Все участники, Пешеходы;Легкий;0;1
42830;Дорожно-транспортные происшествия;Наезд на пешехода;Магаданская область;Магадан;г Магадан, ул Коммуны, 9;150.793889;59.561944;Жилые дома индивидуальной застройки, Нерегулируемый пешеходный переход, Отсутствие в непосредственной близости объектов УДС и объектов притяжения, Перегон (нет объектов на месте ДТП);2015-04-22 18:30:00;Светлое время суток;Ясно;Не установлены;2;Все участники, Пешеходы;Легкий;0;1
44889;Дорожно-транспортные происшествия;Опрокидывание;Магаданская область;Хасынский район;Хасынский район, Р-504 Колыма Якутск - Магадан, 1714км;152.301111;61.727222;Отсутствие в непосредственной близости объектов УДС и объектов притяжения, Перегон (нет объектов на месте ДТП);2015-04-27 17:00:00;Светлое время суток;Ясно;Не установлены;3;Все участники;Тяжёлый;0;2
45873;Дорожно-транспортные происшествия;Наезд на пешехода;Магаданская область;Ягоднинский район;п Ягодное, ул Колымская, 4;149.585556;62.518889;Жилые дома индивидуальной застройки, Нерегулируемый пешеходный переход, Отсутствие в непосредственной близости объектов УДС и объектов притяжения, Перегон (нет объектов на месте ДТП);2015-04-29 18:37:00;Светлое время суток;Ясно;Отсутствие, плохая различимость горизонтальной разметки проезжей части;4;Все участники, Пешеходы;Тяжёлый;0;1
46343;Дорожно-транспортные происшествия;Наезд на стоящее ТС;Магаданская область;Магадан;г Магадан, ул Левонабережная, 6-6;150.808056;59.573056;Выезд с прилегающей территории, Остановка общественного транспорта, Отсутствие в непосредственной близости объектов УДС и объектов притяжения, Перегон (нет объектов на месте ДТП);2015-04-30 18:10:00;Светлое время суток;Ясно;Не установлены;2;Все участники;Легкий;0;1
46743;Дорожно-транспортные происшествия;Наезд на пешехода;Магаданская область;Магадан;г Магадан, ул Гагарина, 4;150.803056;59.558889;Внутридворовая территория, Одиночный торговый объект, являющийся местом притяжения транспорта и (или) пешеходов, Отсутствие в непосредственной близости объектов УДС и объектов притяжения, Перегон (нет объектов на месте ДТП);2015-05-01 11:30:00;Светлое время суток;Ясно;Не установлены;2;Все участники, Пешеходы;Легкий;0;1
48479;Дорожно-транспортные происшествия;Столкновение;Магаданская область;Ольский район;пгт Армань, ул Маяковского, 3;150.102778;59.102778;Отсутствие в непосредственной близости объектов УДС и объектов притяжения, Перегон (нет объектов на месте ДТП);2015-05-04 18:15:00;Светлое время суток;Ясно;Не установлены;3;Все участники;Легкий;0;1
48512;Дорожно-транспортные происшествия;Наезд на пешехода;Магаданская область;Ольский район;пгт Армань, ул Маяковского, 3;150.102778;59.685278;Отсутствие в непосредственной близости объектов УДС и объектов притяжения, Перегон (нет объектов на месте ДТП);2015-05-04 19:25:00;Светлое время суток;Ясно;Не установлены;2;Все участники, Пешеходы;Легкий;0;1
48697;Дорожно-транспортные происшествия;Наезд на пешехода;Магаданская область;Магадан;г Магадан, ул Продольная, 5;150.826944;59.584722;Отсутствие в непосредственной близости объектов УДС и объектов притяжения, Перегон (нет объектов на месте ДТП);2015-05-05 09:40:00;Светлое время суток;Ясно;Не установлены;2;Все участники, Пешеходы;С погибшими;1;0
50177;Дорожно-транспортные происшествия;Наезд на стоящее ТС;Магаданская область;Магадан;г Магадан, ул Набережная реки Магаданки, 15;150.821389;59.265556;Отсутствие в непосредственной близости объектов УДС и объектов притяжения, Перегон (нет объектов на месте ДТП);2015-05-08 16:30:00;Светлое время суток;Ясно;Отсутствие, плохая различимость горизонтальной разметки проезжей части;3;Все участники;Легкий;0;1
50908;Дорожно-транспортные происшествия;Опрокидывание;Магаданская область;Сусуманский район;Сусуманский район, СУСУМАН-БУРКАНДЬЯ, 2км;147.856944;62.700556;Отсутствие в непосредственной близости объектов УДС и объектов притяжения, Перегон (нет объектов на месте ДТП);2015-05-09 21:00:00;Сумерки;Пасмурно, Снегопад;Не установлены;1;Все участники;Тяжёлый;0;1
51275;Дорожно-транспортные происшествия;Съезд с дороги;Магаданская область;Магадан;г Магадан, пер Библиотечный, 10;150.824167;59.583889;Отсутствие в непосредственной близости объектов УДС и объектов притяжения, Перегон (нет объектов на месте ДТП);2015-05-10 12:00:00;Светлое время суток;Снегопад;Недостатки зимнего содержания;1;Все участники;Легкий;0;1
51279;Дорожно-транспортные происшествия;Опрокидывание;Магаданская область;Среднекамский район;Среднеканский район, СЕЙМЧАН-ЛАРЮКОВОЕ, 19км;152.456667;62.761667;Отсутствие в непосредственной близости объектов УДС и объектов притяжения, Перегон (нет объектов на месте ДТП);2015-05-10 12:05:00;Светлое время суток;Пасмурно, Снегопад;Не установлены;2;Все участники;Тяжёлый;0;2
51378;Дорожно-транспортные происшествия;Столкновение;Магаданская область;Магадан;г Магадан, ул Речная, 8А;150.798889;59.576389;Выезд с прилегающей территории, Остановка общественного транспорта, Отсутствие в непосредственной близости объектов УДС и объектов притяжения, Перегон (нет объектов на месте ДТП);2015-05-10 16:10:00;Светлое время суток;Снегопад;Недостатки зимнего содержания;5;Все участники;Легкий;0;2
53002;Дорожно-транспортные происшествия;Опрокидывание;Магаданская область;Магадан;г Магадан, ул Песочная, 24;150.794167;59.581111;Отсутствие в непосредственной близости объектов УДС и объектов притяжения, Перегон (нет объектов на месте ДТП);2015-05-13 22:00:00;В темное время суток, освещение включено;Ясно;Не установлены;1;Все участники, Мотоциклисты;Тяжёлый;0;1
53824;Дорожно-транспортные происшествия;Наезд на пешехода;Магаданская область;Магадан;Магадан, Р-504 Колыма Якутск - Магадан, 1977км;150.759167;59.914167;Отсутствие в непосредственной близости объектов УДС и объектов притяжения, Перегон (нет объектов на месте ДТП);2015-05-15 19:50:00;Светлое время суток;Ясно;Отсутствие, плохая различимость горизонтальной разметки проезжей части;2;Все участники, Пешеходы;Легкий;0;1
54075;Дорожно-транспортные происшествия;Столкновение;Магаданская область;Магадан;г Магадан, ул Речная, 12;150.797778;59.580278;Отсутствие в непосредственной близости объектов УДС и объектов притяжения, Перегон (нет объектов на месте ДТП);2015-05-16 09:55:00;Светлое время суток;Пасмурно;Отсутствие, плохая различимость горизонтальной разметки проезжей части;4;Все участники;Легкий;0;1
54417;Дорожно-транспортные происшествия;Столкновение;Магаданская область;Магадан;г Магадан, ул Кожзаводская, 12;150.840556;59.555556;Выезд с прилегающей территории, Остановка общественного транспорта, Отсутствие в непосредственной близости объектов УДС и объектов притяжения, Перегон (нет объектов на месте ДТП);2015-05-16 21:30:00;В темное время суток, освещение включено;Пасмурно;Отсутствие, плохая различимость горизонтальной разметки проезжей части;2;Все участники, Мотоциклисты;Легкий;0;1
55630;Дорожно-транспортные происшествия;Наезд на пешехода;Магаданская область;Магадан;г Магадан, пр-кт Карла Маркса, 65;150.818333;59.555833;Жилые дома индивидуальной застройки, Нерегулируемый пешеходный переход, Отсутствие в непосредственной близости объектов УДС и объектов притяжения, Перегон (нет объектов на месте ДТП);2015-05-19 17:40:00;Светлое время суток;Снегопад;Отсутствие, плохая различимость горизонтальной разметки проезжей части;2;Все участники, Пешеходы;Легкий;0;1
56073;Дорожно-транспортные происшествия;Столкновение;Магаданская область;Магадан;г Магадан, ул Речная, 3;150.799167;59.574444;Отсутствие в непосредственной близости объектов УДС и объектов притяжения, Перегон (нет объектов на месте ДТП);2015-05-20 18:30:00;Светлое время суток;Ясно;Отсутствие, плохая различимость горизонтальной разметки проезжей части;3;Все участники;Легкий;0;1
56122;Дорожно-транспортные происшествия;Наезд на стоящее ТС;Магаданская область;Магадан;г Магадан, ул Пролетарская, 130;150.8575;59.545;Отсутствие в непосредственной близости объектов УДС и объектов притяжения, Перегон (нет объектов на месте ДТП);2015-05-20 20:10:00;Сумерки;Ясно;Отсутствие, плохая различимость горизонтальной разметки проезжей части;4;Все участники, Мотоциклисты;Легкий;0;1
56754;Дорожно-транспортные происшествия;Опрокидывание;Магаданская область;Хасынский район;Хасынский район, Р-504 Колыма Якутск - Магадан, 1699км;152.2172;61.875;Отсутствие в непосредственной близости объектов УДС и объектов притяжения, Перегон (нет объектов на месте ДТП);2015-05-22 05:30:00;Светлое время суток;Ясно;Не установлены;1;Все участники;Тяжёлый;0;1
57448;Дорожно-транспортные происшествия;Съезд с дороги;Магаданская область;Магадан;Магадан, Р-504 Колыма Якутск - Магадан, 2012км;150.917222;59.623056;Отсутствие в непосредственной близости объектов УДС и объектов притяжения, Перегон (нет объектов на месте ДТП);2015-05-23 10:30:00;Светлое время суток;Ясно;Отсутствие, плохая различимость горизонтальной разметки проезжей части;2;Все участники;Легкий;0;2
57553;Дорожно-транспортные происшествия;Столкновение;Магаданская область;Магадан;пгт Сокол, ул Королева, 7;150.435278;59.545556;Отсутствие в непосредственной близости объектов УДС и объектов притяжения, Перегон (нет объектов на месте ДТП);2015-05-23 14:00:00;Светлое время суток;Ясно;Не установлены;3;Все участники, Мотоциклисты;Тяжёлый;0;2
58292;Дорожно-транспортные происшествия;Опрокидывание;Магаданская область;Магадан;Магадан, МАГАДАН-БАЛАГАННОЕ-ТАЛОН, 17км;150.645278;59.669167;Отсутствие в непосредственной близости объектов УДС и объектов притяжения, Перегон (нет объектов на месте ДТП);2015-05-24 20:00:00;Светлое время суток;Ясно;Не установлены;5;Все участники;С погибшими;2;3
59293;Дорожно-транспортные происшествия;Съезд с дороги;Магаданская область;Магадан;Магадан, Р-504 Колыма Якутск - Магадан, 1985км;150.521667;59.535278;Отсутствие в непосредственной близости объектов УДС и объектов притяжения, Перегон (нет объектов на месте ДТП);2015-05-26 17:35:00;Светлое время суток;Ясно;Не установлены;1;Все участники;Легкий;0;1
59766;Дорожно-транспортные происшествия;Столкновение;Магаданская область;Магадан;г Магадан, ул Речная, 10;150.798889;59.575556;Отсутствие в непосредственной близости объектов УДС и объектов притяжения, Перегон (нет объектов на месте ДТП);2015-05-27 15:55:00;Светлое время суток;Ясно;Отсутствие, плохая различимость горизонтальной разметки проезжей части;2;Все участники, Мотоциклисты;Легкий;0;1
60033;Дорожно-транспортные происшествия;Съезд с дороги;Магаданская область;Сусуманский район;Сусуманский район, Р-504 Колыма Якутск - Магадан, 1400км;148.168333;62.796667;Отсутствие в непосредственной близости объектов УДС и объектов притяжения, Перегон (нет объектов на месте ДТП);2015-05-28 05:00:00;Светлое время суток;Ясно;Не установлены;3;Все участники;Легкий;0;3
61178;Дорожно-транспортные происшествия;Наезд на препятствие;Магаданская область;Хасынский район;п Палатка, ул Центральная, 34;150.951667;60.109444;Отсутствие в непосредственной близости объектов УДС и объектов притяжения, Перегон (нет объектов на месте ДТП);2015-05-30 06:00:00;Светлое время суток;Ясно;Не установлены;2;Все участники;С погибшими;1;1
61557;Дорожно-транспортные происшествия;Наезд на велосипедиста;Магаданская область;Магадан;г Магадан, ул Берзина, 11;150.810278;59.576944;Жилые дома индивидуальной застройки, Нерегулируемый пешеходный переход, Отсутствие в непосредственной близости объектов УДС и объектов притяжения, Перегон (нет объектов на месте ДТП);2015-05-30 19:10:00;Светлое время суток;Ясно;Отсутствие, плохая различимость горизонтальной разметки проезжей части;2;Велосипедисты, Все участники;Легкий;0;1
62426;Дорожно-транспортные происшествия;Наезд на стоящее ТС;Магаданская область;Среднекамский район;Среднеканский район, ООО ПРИСТАНЬ СЕЙМЧАН - С. КОЛЫМСКОЕ, 0км;152.416667;62.889167;Гаражные постройки (гаражный кооператив, товарищество либо иное место концентрированного размещения гаражей), Нерегулируемый пешеходный переход, Отсутствие в непосредственной близости объектов УДС и объектов притяжения, Перегон (нет объектов на месте ДТП);2015-06-01 01:10:00;Сумерки;Ясно;Не установлены;2;Все участники;Легкий;0;1
62627;Дорожно-транспортные происшествия;Наезд на пешехода;Магаданская область;Магадан;г Магадан, ш Колымское, 11;150.781667;59.575;Внутридворовая территория, Одиночный торговый объект, являющийся местом притяжения транспорта и (или) пешеходов, Отсутствие в непосредственной близости объектов УДС и объектов притяжения, Перегон (нет объектов на месте ДТП);2015-06-01 13:00:00;Светлое время суток;Ясно;Не установлены;2;Все участники, Пешеходы;Легкий;0;1
63267;Дорожно-транспортные происшествия;Столкновение;Магаданская область;Магадан;Магадан, Р-504 Колыма Якутск - Магадан, 2008км;150.925556;59.676944;Отсутствие в непосредственной близости объектов УДС и объектов притяжения, Перегон (нет объектов на месте ДТП);2015-06-02 17:55:00;Светлое время суток;Ясно;Не установлены;5;Все участники;Легкий;0;3
64343;Дорожно-транспортные происшествия;Наезд на пешехода;Магаданская область;Магадан;г Магадан, ш Колымское, 14;150.819167;59.575556;Отсутствие в непосредственной близости объектов УДС и объектов притяжения, Перегон (нет объектов на месте ДТП);2015-06-04 19:05:00;Светлое время суток;Ясно;Не установлены;2;Все участники, Пешеходы;Тяжёлый;0;1
65191;Дорожно-транспортные происшествия;Наезд на препятствие;Магаданская область;Магадан;;150.725556;59.565278;Отсутствие в непосредственной близости объектов УДС и объектов притяжения, Перегон (нет объектов на месте ДТП);2015-06-06 06:20:00;Светлое время суток;Ясно;Отсутствие, плохая различимость горизонтальной разметки проезжей части;4;Все участники;Тяжёлый;0;3
66128;Дорожно-транспортные происшествия;Столкновение;Магаданская область;Магадан;г Магадан, ул Парковая, 9-12;150.811389;59.562778;Отсутствие в непосредственной близости объектов УДС и объектов притяжения, Перегон (нет объектов на месте ДТП);2015-06-07 20:30:00;Светлое время суток;Ясно;Не установлены;2;Все участники, Мотоциклисты;Легкий;0;1
66144;Дорожно-транспортные происшествия;Столкновение;Магаданская область;Магадан;пгт Сокол, ул Лесная, 20-1;150.435278;59.545833;Нерегулируемый перекрёсток равнозначных улиц (дорог), Отсутствие в непосредственной близости объектов УДС и объектов притяжения, Перегон (нет объектов на месте ДТП), Регулируемый перекрёсток;2015-06-07 21:00:00;Светлое время суток;Пасмурно;Не установлены;2;Все участники, Мотоциклисты;Легкий;0;1
66215;Дорожно-транспортные происшествия;Опрокидывание;Магаданская область;Ольский район;Ольский район, СОЛНЕЧНЫЙ-ОЛА, 25км;151.239167;59.577778;Отсутствие в непосредственной близости объектов УДС и объектов притяжения, Перегон (нет объектов на месте ДТП);2015-06-07 23:40:00;В темное время суток, освещение отсутствует;Ясно;Не установлены;2;Все участники;Тяжёлый;0;2
66425;Дорожно-транспортные происшествия;Столкновение;Магаданская область;Магадан;г Магадан, ул Речная, 12;150.798056;59.580278;Отсутствие в непосредственной близости объектов УДС и объектов притяжения, Перегон (нет объектов на месте ДТП);2015-06-08 12:30:00;Светлое время суток;Ясно;Отсутствие, плохая различимость горизонтальной разметки проезжей части;3;Все участники;Легкий;0;1
68064;Дорожно-транспортные происшествия;Столкновение;Магаданская область;Магадан;г Магадан, ул Нагаевская, 40;150.793611;59.558056;Нерегулируемый перекрёсток, Нерегулируемый перекрёсток неравнозначных улиц (дорог), Отсутствие в непосредственной близости объектов УДС и объектов притяжения, Перегон (нет объектов на месте ДТП);2015-06-11 15:39:00;Светлое время суток;Пасмурно;Отсутствие, плохая различимость горизонтальной разметки проезжей части;3;Все участники;Легкий;0;1
68732;Дорожно-транспортные происшествия;Опрокидывание;Магаданская область;Ольский район;;148.677778;50.763889;Отсутствие в непосредственной близости объектов УДС и объектов притяжения, Перегон (нет объектов на месте ДТП);2015-06-12 17:00:00;Светлое время суток;Ясно;Не установлены;1;Все участники;Легкий;0;1
69076;Дорожно-транспортные происшествия;Наезд на препятствие;Магаданская область;Магадан;Магадан, Р-504 Колыма Якутск - Магадан, 2013км;150.922778;59.631944;Отсутствие в непосредственной близости объектов УДС и объектов притяжения, Перегон (нет объектов на месте ДТП);2015-06-13 03:10:00;Светлое время суток;Пасмурно;Не установлены;1;Все участники;Легкий;0;1
69511;Дорожно-транспортные происшествия;Опрокидывание;Магаданская область;Омсуканский район;п Омсукчан, ул Строителей, 23;155.755833;62.518889;Иное место, Отсутствие в непосредственной близости объектов УДС и объектов притяжения, Перегон (нет объектов на месте ДТП), Школа либо иная детская (в т.ч. дошкольная) организация;2015-06-13 20:20:00;Светлое время суток;Ясно;Не установлены;1;Все участники;Легкий;0;1
71064;Дорожно-транспортные происшествия;Наезд на пешехода;Магаданская область;Магадан;г Магадан, пр-кт Ленина, 3;150.810278;59.566667;Многоквартирные жилые дома, Остановка общественного транспорта, Отсутствие в непосредственной близости объектов УДС и объектов притяжения, Перегон (нет объектов на месте ДТП);2015-06-16 16:20:00;Светлое время суток;Пасмурно;Не установлены;2;Все участники, Пешеходы;Тяжёлый;0;1
71133;Дорожно-транспортные происшествия;Наезд на пешехода;Магаданская область;Магадан;г Магадан, ул Гагарина, 20;150.806389;59.556389;Административные здания, Объект (здание, сооружение) религиозного культа, Регулируемый перекресток, Регулируемый пешеходный переход;2015-06-16 18:00:00;Светлое время суток;Пасмурно;Не установлены;2;Все участники, Пешеходы;Легкий;0;1
73561;Дорожно-транспортные происшествия;Наезд на стоящее ТС;Магаданская область;Магадан;г Магадан, ул Портовая, 23-5;150.786944;59.564167;Отсутствие в непосредственной близости объектов УДС и объектов притяжения, Перегон (нет объектов на месте ДТП);2015-06-21 00:05:00;В темное время суток, освещение включено;Пасмурно;Не установлены;4;Все участники;Легкий;0;3
74580;Дорожно-транспортные происшествия;Столкновение;Магаданская область;Магадан;г Магадан, ул Набережная реки Магаданки, 12Б;150.82;59.564167;Выезд с прилегающей территории, Объект (здание, сооружение) религиозного культа, Остановка общественного транспорта, Регулируемый пешеходный переход;2015-06-22 19:30:00;Светлое время суток;Ясно;Не установлены;3;Все участники;Легкий;0;1
75137;Дорожно-транспортные происшествия;Наезд на пешехода;Магаданская область;Магадан;г Магадан, пр-кт Карла Маркса, 62б;150.813056;59.5575;Внутридворовая территория, Иное место, Одиночный торговый объект, являющийся местом притяжения транспорта и (или) пешеходов, Школа либо иная детская (в т.ч. дошкольная) организация;2015-06-23 19:41:00;Светлое время суток;Ясно;Не установлены;2;Все участники, Мотоциклисты, Пешеходы;Легкий;0;1
76003;Дорожно-транспортные происшествия;Опрокидывание;Магаданская область;Хасынский район;Хасынский район, Р-504 Колыма Якутск - Магадан, 1967км;150.695;59.992778;Отсутствие в непосредственной близости объектов УДС и объектов притяжения, Перегон (нет объектов на месте ДТП);2015-06-25 12:20:00;Светлое время суток;Ясно;Отсутствие, плохая различимость горизонтальной разметки проезжей части;2;Все участники;Легкий;0;1
76223;Дорожно-транспортные происшествия;Опрокидывание;Магаданская область;Среднекамский район;Среднеканский район, СЕЙМЧАН-ЛАРЮКОВОЕ, 6км;152.244722;62.526389;Отсутствие в непосредственной близости объектов УДС и объектов притяжения, Перегон (нет объектов на месте ДТП);2015-06-25 20:00:00;Светлое время суток;Ясно;Отсутствие, плохая различимость горизонтальной разметки проезжей части;5;Все участники;Тяжёлый;0;2
76287;Дорожно-транспортные происшествия;Столкновение;Магаданская область;Магадан;г Магадан, ул Берзина, 1;150.815278;59.575;Жилые дома индивидуальной застройки, Нерегулируемый пешеходный переход, Отсутствие в непосредственной близости объектов УДС и объектов притяжения, Перегон (нет объектов на месте ДТП);2015-06-25 22:30:00;Сумерки;Пасмурно;Не установлены;2;Велосипедисты, Все участники;Легкий;0;1
76567;Дорожно-транспортные происшествия;Наезд на пешехода;Магаданская область;Магадан;г Магадан, ул Гагарина, 6;150.800833;59.558889;Многоквартирные жилые дома, Остановка общественного транспорта, Отсутствие в непосредственной близости объектов УДС и объектов притяжения, Перегон (нет объектов на месте ДТП);2015-06-26 13:55:00;Светлое время суток;Ясно;Не установлены;2;Все участники, Пешеходы;Тяжёлый;0;1
77029;Дорожно-транспортные происшествия;Опрокидывание;Магаданская область;Сусуманский район;Сусуманский район, Р-504 Колыма Якутск - Магадан, 1391км;148.158056;62.781667;Отсутствие в непосредственной близости объектов УДС и объектов притяжения, Перегон (нет объектов на месте ДТП);2015-06-27 05:40:00;Светлое время суток;Ясно;Не установлены;2;Все участники;Тяжёлый;0;1
77280;Дорожно-транспортные происшествия;Наезд на пешехода;Магаданская область;Магадан;г Магадан, пр-кт Ленина, 11;150.806389;59.565556;Выезд с прилегающей территории, Остановка общественного транспорта, Отсутствие в непосредственной близости объектов УДС и объектов притяжения, Перегон (нет объектов на месте ДТП);2015-06-27 16:25:00;Светлое время суток;Ясно;Не установлены;2;Все участники, Пешеходы;Легкий;0;1
77414;Дорожно-транспортные происшествия;Съезд с дороги;Магаданская область;Магадан;Магадан, Р-504 Колыма Якутск - Магадан, 2019км;150.859167;59.596389;Отсутствие в непосредственной близости объектов УДС и объектов притяжения, Перегон (нет объектов на месте ДТП);2015-06-27 20:00:00;Светлое время суток;Ясно;Не установлены;1;Все участники;Тяжёлый;0;1
77660;Дорожно-транспортные происшествия;Наезд на препятствие;Магаданская область;Магадан;г Магадан, ул Марчеканская, 31;150.795556;59.539167;Выезд с прилегающей территории, Остановка общественного транспорта, Отсутствие в непосредственной близости объектов УДС и объектов притяжения, Перегон (нет объектов на месте ДТП);2015-06-28 05:00:00;Светлое время суток;Ясно;Не установлены;1;Все участники;Легкий;0;1
78019;Дорожно-транспортные происшествия;Наезд на пешехода;Магаданская область;Магадан;г Магадан, ул Гагарина, 9;150.805278;59.556667;Автостоянка (отделенная от проезжей части), Отсутствие в непосредственной близости объектов УДС и объектов притяжения, Перегон (нет объектов на месте ДТП), Пешеходная зона;2015-06-28 19:35:00;Сумерки;Ясно;Не установлены;2;Все участники, Пешеходы;Тяжёлый;0;1
79009;Дорожно-транспортные происшествия;Опрокидывание;Магаданская область;Хасынский район;Хасынский район, ПАЛАТКА-КУЛУ-НЕКСИКАН, 38км;150.965278;60.343333;Отсутствие в непосредственной близости объектов УДС и объектов притяжения, Перегон (нет объектов на месте ДТП);2015-06-30 16:15:00;Светлое время суток;Ясно;Не установлены;2;Все участники;Легкий;0;1
79127;Дорожно-транспортные происшествия;Наезд на пешехода;Магаданская область;Магадан;г Магадан, ул Билибина, 14;150.791944;59.395556;Внутридворовая территория, Одиночный торговый объект, являющийся местом притяжения транспорта и (или) пешеходов, Отсутствие в непосредственной близости объектов УДС и объектов притяжения, Перегон (нет объектов на месте ДТП);2015-06-30 19:20:00;Светлое время суток;Ясно;Не установлены;2;Все участники, Пешеходы;Легкий;0;1
79221;Дорожно-транспортные происшествия;Наезд на пешехода;Магаданская область;Магадан;г Магадан, пр-кт Карла Маркса, 62-1;150.816389;59.556944;Объект (здание, сооружение) религиозного культа, Отсутствие в непосредственной близости объектов УДС и объектов притяжения, Перегон (нет объектов на месте ДТП), Регулируемый пешеходный переход;2015-06-30 23:45:00;В темное время суток, освещение включено;Ясно;Не установлены;2;Все участники, Пешеходы;Тяжёлый;0;1
80496;Дорожно-транспортные происшествия;Наезд на пешехода;Магаданская область;Магадан;г Магадан, пер Школьный, 1;150.800556;59.565;Выезд с прилегающей территории, Остановка общественного транспорта, Отсутствие в непосредственной близости объектов УДС и объектов притяжения, Перегон (нет объектов на месте ДТП);2015-07-03 12:50:00;Светлое время суток;Пасмурно;Отсутствие, плохая различимость горизонтальной разметки проезжей части;2;Все участники, Пешеходы;Легкий;0;1
80514;Дорожно-транспортные происшествия;Столкновение;Магаданская область;Магадан;;150.822778;59.58;Выезд с прилегающей территории, Остановка общественного транспорта, Отсутствие в непосредственной близости объектов УДС и объектов притяжения, Перегон (нет объектов на месте ДТП);2015-07-03 13:20:00;Светлое время суток;Пасмурно;Не установлены;2;Все участники;Легкий;0;1
80564;Дорожно-транспортные происшествия;Столкновение;Магаданская область;Хасынский район;Хасынский район, Р-504 Колыма Якутск - Магадан, 1728км;152.266944;61.609722;Отсутствие в непосредственной близости объектов УДС и объектов притяжения, Перегон (нет объектов на месте ДТП);2015-07-03 15:00:00;Светлое время суток;Ясно;Не установлены;4;Все участники;С погибшими;3;0
80898;Дорожно-транспортные происшествия;Опрокидывание;Магаданская область;Ольский район;Ольский район, ОЛА-ГАДЛЯ, 0км;151.304444;59.5925;Отсутствие в непосредственной близости объектов УДС и объектов притяжения, Перегон (нет объектов на месте ДТП);2015-07-04 04:55:00;Светлое время суток;Ясно;Отсутствие, плохая различимость горизонтальной разметки проезжей части;4;Все участники;С погибшими;1;3
81338;Дорожно-транспортные происшествия;Съезд с дороги;Магаданская область;Магадан;г Магадан, МАГАДАН-БАЛАГАННОЕ-ТАЛОН, 11км;150.774167;59.646667;Отсутствие в непосредственной близости объектов УДС и объектов притяжения, Перегон (нет объектов на месте ДТП);2015-07-04 21:00:00;В темное время суток, освещение не включено;Пасмурно;Не установлены;1;Все участники;С погибшими;1;0
81571;Дорожно-транспортные происшествия;Съезд с дороги;Магаданская область;Сусуманский район;Сусуманский район, Р-504 Колыма Якутск - Магадан, 1361км;147.188889;63.045;Отсутствие в непосредственной близости объектов УДС и объектов притяжения, Перегон (нет объектов на месте ДТП);2015-07-05 06:00:00;Светлое время суток;Ясно;Не установлены;2;Все участники;Тяжёлый;0;2
83058;Дорожно-транспортные происшествия;Опрокидывание;Магаданская область;Хасынский район;Хасынский район, Р-504 Колыма Якутск - Магадан, 1682км;152.171389;61.943056;Отсутствие в непосредственной близости объектов УДС и объектов притяжения, Перегон (нет объектов на месте ДТП);2015-07-08 06:20:00;Светлое время суток;Ясно;Не установлены;5;Все участники;С погибшими;1;3
83651;Дорожно-транспортные происшествия;Опрокидывание;Магаданская область;Ольский район;Ольский район, МАГАДАН-БАЛАГАННОЕ-ТАЛОН, 86км;149.560833;59.760556;Отсутствие в непосредственной близости объектов УДС и объектов притяжения, Перегон (нет объектов на месте ДТП);2015-07-09 11:00:00;Светлое время суток;Пасмурно;Не установлены;2;Все участники;Тяжёлый;0;1
84720;Дорожно-транспортные происшествия;Опрокидывание;Магаданская область;Омсуканский район;п Омсукчан, ул Ленина, 29;155.777778;62.515278;Отсутствие в непосредственной близости объектов УДС и объектов притяжения, Перегон (нет объектов на месте ДТП);2015-07-11 06:50:00;Светлое время суток;Ясно;Отсутствие, плохая различимость горизонтальной разметки проезжей части;3;Все участники;Тяжёлый;0;3
85131;Дорожно-транспортные происшествия;Наезд на препятствие;Магаданская область;Магадан;г Магадан, ул Речная, 57;150.790556;59.588889;Внутридворовая территория, Одиночный торговый объект, являющийся местом притяжения транспорта и (или) пешеходов, Отсутствие в непосредственной близости объектов УДС и объектов притяжения, Перегон (нет объектов на месте ДТП);2015-07-11 20:20:00;Светлое время суток;Ясно;Не установлены;1;Все участники;Легкий;0;1
85391;Дорожно-транспортные происшествия;Опрокидывание;Магаданская область;Магадан;г Магадан, ш Магаданское, 26;150.8475;59.560833;Выезд с прилегающей территории, Остановка общественного транспорта, Отсутствие в непосредственной близости объектов УДС и объектов притяжения, Перегон (нет объектов на месте ДТП);2015-07-12 07:52:00;Светлое время суток;Ясно;Отсутствие, плохая различимость горизонтальной разметки проезжей части;1;Все участники;Легкий;0;1
85545;Дорожно-транспортные происшествия;Столкновение;Магаданская область;Магадан;г Магадан, ул Коммуны, 8-12;150.793889;59.561667;Нерегулируемый перекрёсток, Нерегулируемый перекрёсток неравнозначных улиц (дорог), Отсутствие в непосредственной близости объектов УДС и объектов притяжения, Перегон (нет объектов на месте ДТП);2015-07-12 15:00:00;Светлое время суток;Ясно;Не установлены;2;Все участники;Легкий;0;1
85626;Дорожно-транспортные происшествия;Столкновение;Магаданская область;Ягоднинский район;п Оротукан, ул Набережная, 12;151.666667;62.25;Гаражные постройки (гаражный кооператив, товарищество либо иное место концентрированного размещения гаражей), Нерегулируемый пешеходный переход, Отсутствие в непосредственной близости объектов УДС и объектов притяжения, Перегон (нет объектов на месте ДТП);2015-07-12 17:20:00;Светлое время суток;Ясно;Не установлены;2;Все участники, Мотоциклисты;Тяжёлый;0;1
86553;Дорожно-транспортные происшествия;Столкновение;Магаданская область;Хасынский район;Хасынский район, Р-504 Колыма Якутск - Магадан, 1733км;152.181111;61.421111;Отсутствие в непосредственной близости объектов УДС и объектов притяжения, Перегон (нет объектов на месте ДТП);2015-07-14 14:30:00;Светлое время суток;Ясно;Не установлены;2;Все участники, Мотоциклисты;С погибшими;1;0
87267;Дорожно-транспортные происшествия;Опрокидывание;Магаданская область;Магадан;г Магадан, ул Приморская, 7-2;150.779167;59.558889;Выезд с прилегающей территории, Остановка общественного транспорта, Отсутствие в непосредственной близости объектов УДС и объектов притяжения, Перегон (нет объектов на месте ДТП);2015-07-15 21:10:00;Светлое время суток;Ясно;Отсутствие дорожных знаков в необходимых местах, Отсутствие, плохая различимость горизонтальной разметки проезжей части;3;Все участники;Тяжёлый;0;3
87764;Дорожно-транспортные происшествия;Столкновение;Магаданская область;Магадан;г Магадан, ул Полярная, 1;150.788333;59.564167;Нерегулируемый перекрёсток, Нерегулируемый перекрёсток неравнозначных улиц (дорог), Отсутствие в непосредственной близости объектов УДС и объектов притяжения, Перегон (нет объектов на месте ДТП);2015-07-16 18:25:00;Светлое время суток;Ясно;Не установлены;4;Все участники;Тяжёлый;0;3
87878;Дорожно-транспортные происшествия;Столкновение;Магаданская область;Магадан;Магадан, Р-504 Колыма Якутск - Магадан, 2014км;150.921389;59.63;Отсутствие в непосредственной близости объектов УДС и объектов притяжения, Перегон (нет объектов на месте ДТП);2015-07-16 21:50:00;В темное время суток, освещение не включено;Ясно;Не установлены;2;Все участники;Легкий;0;2
90132;Дорожно-транспортные происшествия;Столкновение;Магаданская область;Магадан;г Магадан, пер Библиотечный, 10;150.824722;59.583889;Выезд с прилегающей территории, Остановка общественного транспорта, Отсутствие в непосредственной близости объектов УДС и объектов притяжения, Перегон (нет объектов на месте ДТП);2015-07-20 17:50:00;Светлое время суток;Ясно;Отсутствие, плохая различимость горизонтальной разметки проезжей части;6;Все участники;Легкий;0;6
90214;Дорожно-транспортные происшествия;Наезд на пешехода;Магаданская область;Магадан;г Магадан, ш Марчеканское, 38а-2;150.791667;59.546944;Внутридворовая территория, Одиночный торговый объект, являющийся местом притяжения транспорта и (или) пешеходов, Отсутствие в непосредственной близости объектов УДС и объектов притяжения, Перегон (нет объектов на месте ДТП);2015-07-20 20:30:00;Светлое время суток;Ясно;Не установлены;2;Все участники, Пешеходы;Легкий;0;1
90354;Дорожно-транспортные происшествия;Опрокидывание;Магаданская область;Тенькинский район;Тенькинский район, ПАЛАТКА-КУЛУ-НЕКСИКАН, 183км;149.608056;61.144444;Отсутствие в непосредственной близости объектов УДС и объектов притяжения, Перегон (нет объектов на месте ДТП);2015-07-21 05:20:00;Сумерки;Пасмурно;Не установлены;2;Все участники;С погибшими;1;1
91821;Дорожно-транспортные происшествия;Опрокидывание;Магаданская область;Ольский район;Ольский район, КОЛЧАКОВСКИЮ КЛЮЧ-КЛЕПКА, 32км;151.479444;59.755556;Отсутствие в непосредственной близости объектов УДС и объектов притяжения, Перегон (нет объектов на месте ДТП);2015-07-23 19:00:00;Сумерки;Ясно;Не установлены;1;Все участники;Тяжёлый;0;1
92495;Дорожно-транспортные происшествия;Столкновение;Магаданская область;Магадан;г Магадан, ул Портовая, 23-24;150.785278;59.564167;Нерегулируемый перекрёсток, Нерегулируемый перекрёсток неравнозначных улиц (дорог), Отсутствие в непосредственной близости объектов УДС и объектов притяжения, Перегон (нет объектов на месте ДТП);2015-07-24 22:50:00;В темное время суток, освещение включено;Пасмурно;Не установлены;3;Все участники, Мотоциклисты;Тяжёлый;0;2
93081;Дорожно-транспортные происшествия;Наезд на пешехода;Магаданская область;Магадан;г Магадан, ш Колымское, 4;150.81;59.57;Мост, Нерегулируемое пересечение с круговым движением, Отсутствие в непосредственной близости объектов УДС и объектов притяжения, Перегон (нет объектов на месте ДТП);2015-07-25 21:45:00;В темное время суток, освещение включено;Дождь;Не установлены;2;Все участники, Пешеходы;Легкий;0;1
93193;Дорожно-транспортные происшествия;Наезд на препятствие;Магаданская область;Магадан;г Магадан, ул Пионерская, 6;150.85;59.716667;Иное место, Отсутствие в непосредственной близости объектов УДС и объектов притяжения, Перегон (нет объектов на месте ДТП), Школа либо иная детская (в т.ч. дошкольная) организация;2015-07-26 00:40:00;В темное время суток, освещение включено;Дождь;Не установлены;2;Все участники;Легкий;0;1
93316;Дорожно-транспортные происшествия;Опрокидывание;Магаданская область;Магадан;г Магадан, ул Якутская, 51;150.808889;59.5575;Отсутствие в непосредственной близости объектов УДС и объектов притяжения, Перегон (нет объектов на месте ДТП);2015-07-26 08:45:00;Светлое время суток;Пасмурно;Не установлены;1;Все участники;Легкий;0;1
93350;Дорожно-транспортные происшествия;Столкновение;Магаданская область;Магадан;г Магадан, ул Парковая, 15;150.809167;59.561389;Административные здания, Отсутствие в непосредственной близости объектов УДС и объектов притяжения, Перегон (нет объектов на месте ДТП), Регулируемый перекресток;2015-07-26 10:50:00;Светлое время суток;Пасмурно;Не установлены;3;Все участники;Легкий;0;1
94128;Дорожно-транспортные происшествия;Наезд на стоящее ТС;Магаданская область;Магадан;г Магадан, ул Кольцевая, 28;150.819444;59.550556;Отсутствие в непосредственной близости объектов УДС и объектов притяжения, Перегон (нет объектов на месте ДТП);2015-07-27 15:26:00;Светлое время суток;Пасмурно;Не установлены;2;Все участники, Мотоциклисты;Тяжёлый;0;1
94236;Дорожно-транспортные происшествия;Наезд на пешехода;Магаданская область;Магадан;г Магадан, ул Транспортная, 3;150.81;59.57;Жилые дома индивидуальной застройки, Нерегулируемый пешеходный переход, Отсутствие в непосредственной близости объектов УДС и объектов притяжения, Перегон (нет объектов на месте ДТП);2015-07-27 18:20:00;Светлое время суток;Ясно;Не установлены;2;Все участники, Пешеходы;Легкий;0;1
94337;Дорожно-транспортные происшествия;Наезд на пешехода;Магаданская область;Магадан;Магадан, ФАД КОЛЫМА-СНЕЖНАЯ ДОЛИНА, 3км;150.878056;59.724167;Отсутствие в непосредственной близости объектов УДС и объектов притяжения, Перегон (нет объектов на месте ДТП);2015-07-27 21:40:00;В темное время суток, освещение отсутствует;Пасмурно;Отсутствие освещения;2;Все участники, Пешеходы;С погибшими;1;0
95962;Дорожно-транспортные происшествия;Столкновение;Магаданская область;Магадан;пгт Сокол, ул Гагарина, 20;150.750278;59.920556;Выезд с прилегающей территории, Жилые дома индивидуальной застройки, Нерегулируемый пешеходный переход, Остановка общественного транспорта;2015-07-30 23:30:00;В темное время суток, освещение включено;Дождь;Не установлены;2;Все участники, Мотоциклисты;Тяжёлый;0;1
96142;Дорожно-транспортные происшествия;Наезд на пешехода;Магаданская область;Магадан;г Магадан, пр-кт Карла Маркса, 31-18;150.803611;59.564722;Отсутствие в непосредственной близости объектов УДС и объектов притяжения, Перегон (нет объектов на месте ДТП);2015-07-31 11:05:00;Светлое время суток;Пасмурно;Не установлены;3;Все участники, Пешеходы;Легкий;0;2
96383;Дорожно-транспортные происшествия;Столкновение;Магаданская область;Магадан;г Магадан, ул Транспортная, 4;150.809444;59.573056;Выезд с прилегающей территории, Остановка общественного транспорта, Отсутствие в непосредственной близости объектов УДС и объектов притяжения, Перегон (нет объектов на месте ДТП);2015-07-31 17:35:00;Светлое время суток;Дождь;Не установлены;3;Все участники;Легкий;0;1
97264;Дорожно-транспортные происшествия;Опрокидывание;Магаданская область;Сусуманский район;Сусуманский район, Р-504 Колыма Якутск - Магадан, 1396км;148.158056;62.781667;Отсутствие в непосредственной близости объектов УДС и объектов притяжения, Перегон (нет объектов на месте ДТП), Подход к мосту, эстакаде, путепроводу, Школа либо иное детское (в т.ч. дошкольное) учреждение;2015-08-02 02:10:00;Сумерки;Пасмурно;Не установлены;2;Все участники;Тяжёлый;0;1
97722;Дорожно-транспортные происшествия;Столкновение;Магаданская область;Магадан;г Магадан, ул Коммуны, 17;150.792778;59.559444;Жилые дома индивидуальной застройки, Нерегулируемый перекрёсток, Нерегулируемый перекрёсток неравнозначных улиц (дорог), Нерегулируемый пешеходный переход;2015-08-02 21:36:00;В темное время суток, освещение включено;Пасмурно;Не установлены;2;Все участники, Мотоциклисты;Легкий;0;1
98545;Дорожно-транспортные происшествия;Наезд на пешехода;Магаданская область;Магадан;г Магадан, ул Полярная, 21;150.791667;59.560833;Жилые дома индивидуальной застройки, Нерегулируемый пешеходный переход, Отсутствие в непосредственной близости объектов УДС и объектов притяжения, Перегон (нет объектов на месте ДТП);2015-08-04 12:10:00;Светлое время суток;Ясно;Не установлены;2;Все участники, Пешеходы;Легкий;0;1
98902;Дорожно-транспортные происшествия;Опрокидывание;Магаданская область;Омсуканский район;Омсукчанский район, ГЕРБА-ОМСУКЧАН, 218км;155.392778;62.220556;Отсутствие в непосредственной близости объектов УДС и объектов притяжения, Перегон (нет объектов на месте ДТП);2015-08-04 22:30:00;В темное время суток, освещение отсутствует;Пасмурно;Не установлены;2;Все участники;Тяжёлый;0;1
101179;Дорожно-транспортные происшествия;Наезд на пешехода;Магаданская область;Магадан;г Магадан, ул Марчеканская, 16;150.790556;59.539167;Внутридворовая территория, Одиночный торговый объект, являющийся местом притяжения транспорта и (или) пешеходов, Отсутствие в непосредственной близости объектов УДС и объектов притяжения, Перегон (нет объектов на месте ДТП);2015-08-08 21:55:00;В темное время суток, освещение отсутствует;Ясно;Не установлены;2;Все участники, Пешеходы;Легкий;0;1
102143;Дорожно-транспортные происшествия;Съезд с дороги;Магаданская область;Магадан;г Магадан, Р-504 Колыма Якутск - Магадан, 2021км;150.855556;59.591944;Отсутствие в непосредственной близости объектов УДС и объектов притяжения, Перегон (нет объектов на месте ДТП);2015-08-10 14:00:00;Светлое время суток;Пасмурно;Не установлены;2;Все участники;Легкий;0;1
104390;Дорожно-транспортные происшествия;Наезд на пешехода;Магаданская область;Магадан;г Магадан, ул Пушкина, 6;150.803056;59.567222;Отсутствие в непосредственной близости объектов УДС и объектов притяжения, Перегон (нет объектов на месте ДТП);2015-08-14 11:23:00;Светлое время суток;Ясно;Отсутствие дорожных знаков в необходимых местах;2;Все участники, Пешеходы;Тяжёлый;0;1
104781;Дорожно-транспортные происшествия;Наезд на пешехода;Магаданская область;Магадан;г Магадан, ул Речная, 10;150.798333;59.578056;Отсутствие в непосредственной близости объектов УДС и объектов притяжения, Перегон (нет объектов на месте ДТП);2015-08-14 21:24:00;В темное время суток, освещение включено;Ясно;Отсутствие, плохая различимость горизонтальной разметки проезжей части;2;Все участники, Пешеходы;Легкий;0;1
105609;Дорожно-транспортные происшествия;Наезд на пешехода;Магаданская область;Магадан;г Магадан, пр-кт Ленина, 1;150.809444;59.568333;Внутридворовая территория, Нерегулируемый перекрёсток равнозначных улиц (дорог), Одиночный торговый объект, являющийся местом притяжения транспорта и (или) пешеходов, Регулируемый перекрёсток;2015-08-16 01:03:00;В темное время суток, освещение включено;Пасмурно;Не установлены;2;Все участники, Пешеходы;Легкий;0;1
106505;Дорожно-транспортные происшествия;Наезд на пешехода;Магаданская область;Магадан;г Магадан, пр-кт Карла Маркса, 33-15;150.804444;59.564444;Жилые дома индивидуальной застройки, Нерегулируемый перекрёсток, Нерегулируемый перекрёсток неравнозначных улиц (дорог), Нерегулируемый пешеходный переход;2015-08-17 17:20:00;Светлое время суток;Ясно;Не установлены;2;Все участники, Пешеходы;Легкий;0;1
106714;Дорожно-транспортные происшествия;Съезд с дороги;Магаданская область;Магадан;г Магадан, ул Брусничная, 4;150.782778;59.618889;Отсутствие в непосредственной близости объектов УДС и объектов притяжения, Перегон (нет объектов на месте ДТП);2015-08-18 00:05:00;В темное время суток, освещение отсутствует;Ясно;Не установлены;2;Все участники;Легкий;0;2
107541;Дорожно-транспортные происшествия;Столкновение;Магаданская область;Магадан;г Магадан, ул Пролетарская, 90-2;150.826667;59.5525;Административные здания, Отсутствие в непосредственной близости объектов УДС и объектов притяжения, Перегон (нет объектов на месте ДТП), Регулируемый перекресток;2015-08-19 17:20:00;Светлое время суток;Ясно;Не установлены;3;Все участники;Легкий;0;1
109200;Дорожно-транспортные происшествия;Наезд на препятствие;Магаданская область;Магадан;г Магадан, пл Комсомольская, 4;150.798611;59.560278;Нерегулируемый перекрёсток, Нерегулируемый перекрёсток неравнозначных улиц (дорог), Отсутствие в непосредственной близости объектов УДС и объектов притяжения, Перегон (нет объектов на месте ДТП);2015-08-22 12:30:00;Светлое время суток;Пасмурно;Не установлены;1;Все участники, Мотоциклисты;Легкий;0;1
109598;Дорожно-транспортные происшествия;Наезд на препятствие;Магаданская область;Хасынский район;Хасынский район, Р-504 Колыма Якутск - Магадан, 1848км;151.759167;60.743333;Отсутствие в непосредственной близости объектов УДС и объектов притяжения, Перегон (нет объектов на месте ДТП);2015-08-22 22:35:00;В темное время суток, освещение отсутствует;Ясно;Неправильное применение, плохая видимость дорожных знаков;2;Все участники;Тяжёлый;0;2
110638;Дорожно-транспортные происшествия;Наезд на стоящее ТС;Магаданская область;Магадан;Магадан, МАГАДАН-БАЛАГАННОЕ-ТАЛОН, 6км;150.783333;59.611667;Отсутствие в непосредственной близости объектов УДС и объектов притяжения, Перегон (нет объектов на месте ДТП);2015-08-24 17:35:00;Светлое время суток;Ясно;Не установлены;4;Все участники;Легкий;0;3
110898;Дорожно-транспортные происшествия;Съезд с дороги;Магаданская область;Магадан;г Магадан, Р-504 Колыма Якутск - Магадан, 1997км;150.9125;59.836667;Отсутствие в непосредственной близости объектов УДС и объектов притяжения, Перегон (нет объектов на месте ДТП);2015-08-25 05:10:00;Светлое время суток;Ясно;Не установлены;1;Все участники;Тяжёлый;0;1
112976;Дорожно-транспортные происшествия;Наезд на пешехода;Магаданская область;Магадан;г Магадан, ул Кольцевая, 52;150.808889;59.549167;Внутридворовая территория, Одиночный торговый объект, являющийся местом притяжения транспорта и (или) пешеходов, Отсутствие в непосредственной близости объектов УДС и объектов притяжения, Перегон (нет объектов на месте ДТП);2015-08-28 19:15:00;Сумерки;Пасмурно;Не установлены;2;Все участники, Пешеходы;Легкий;0;1
113106;Дорожно-транспортные происшествия;Опрокидывание;Магаданская область;Магадан;г Магадан, пр-кт Ленина, 7;150.807222;59.566944;Отсутствие в непосредственной близости объектов УДС и объектов притяжения, Перегон (нет объектов на месте ДТП);2015-08-28 22:03:00;В темное время суток, освещение включено;Пасмурно;Не установлены;1;Все участники, Мотоциклисты;Тяжёлый;0;1
113979;Дорожно-транспортные происшествия;Опрокидывание;Магаданская область;Магадан;г Магадан, МАГАДАН-БАЛАГАННОЕ-ТАЛОН, 5км;150.783889;59.610833;Отсутствие в непосредственной близости объектов УДС и объектов притяжения, Перегон (нет объектов на месте ДТП);2015-08-30 04:55:00;Светлое время суток;Ясно;Отсутствие, плохая различимость горизонтальной разметки проезжей части;1;Все участники;Легкий;0;1
114197;Дорожно-транспортные происшествия;Столкновение;Магаданская область;Магадан;;150.144444;59.935556;Нерегулируемый перекрёсток, Нерегулируемый перекрёсток неравнозначных улиц (дорог), Отсутствие в непосредственной близости объектов УДС и объектов притяжения, Перегон (нет объектов на месте ДТП);2015-08-30 14:55:00;Светлое время суток;Ясно;Не установлены;3;Все участники;Легкий;0;1
114835;Дорожно-транспортные происшествия;Опрокидывание;Магаданская область;Ольский район;Ольский район, МАГАДАН-БАЛАГАННОЕ-ТАЛОН, 39км;150.266944;59.682778;Отсутствие в непосредственной близости объектов УДС и объектов притяжения, Перегон (нет объектов на месте ДТП);2015-08-31 16:00:00;Светлое время суток;Ясно;Дефекты покрытия;2;Все участники;Тяжёлый;0;1
114856;Дорожно-транспортные происшествия;Наезд на велосипедиста;Магаданская область;Магадан;г Магадан, проезд 1-й проезд Горького, 2;150.806389;59.564722;Выезд с прилегающей территории, Остановка общественного транспорта, Отсутствие в непосредственной близости объектов УДС и объектов притяжения, Перегон (нет объектов на месте ДТП);2015-08-31 16:27:00;Светлое время суток;Ясно;Не установлены;2;Велосипедисты, Все участники;Легкий;0;1
114859;Дорожно-транспортные происшествия;Опрокидывание;Магаданская область;Магадан;Магадан, СОЛНЕЧНЫЙ-ОЛА, 12км;151.001111;59.610278;Отсутствие в непосредственной близости объектов УДС и объектов притяжения, Перегон (нет объектов на месте ДТП);2015-08-31 16:30:00;Светлое время суток;Ясно;Не установлены;1;Все участники;Легкий;0;1
114974;Дорожно-транспортные происшествия;Столкновение;Магаданская область;Магадан;г Магадан, пер Марчеканский, 11;150.802778;59.551667;Выезд с прилегающей территории, Остановка общественного транспорта, Отсутствие в непосредственной близости объектов УДС и объектов притяжения, Перегон (нет объектов на месте ДТП);2015-08-31 19:40:00;В темное время суток, освещение включено;Ясно;Не установлены;3;Все участники;Легкий;0;1
115181;Дорожно-транспортные происшествия;Столкновение;Магаданская область;Магадан;г Магадан, ш Портовое, 201;150.745;59.564722;Отсутствие в непосредственной близости объектов УДС и объектов притяжения, Перегон (нет объектов на месте ДТП);2015-09-01 08:45:00;Светлое время суток;Дождь;Не установлены;2;Все участники;Легкий;0;1
115789;Дорожно-транспортные происшествия;Наезд на пешехода;Магаданская область;Магадан;г Магадан, ул Дзержинского, 11;150.800833;59.566667;Выезд с прилегающей территории, Остановка общественного транспорта, Отсутствие в непосредственной близости объектов УДС и объектов притяжения, Перегон (нет объектов на месте ДТП);2015-09-02 13:30:00;Светлое время суток;Ясно;Не установлены;2;Все участники, Пешеходы;Легкий;0;1
116600;Дорожно-транспортные происшествия;Наезд на пешехода;Магаданская область;Сусуманский район;г Сусуман, Р-504 Колыма Якутск - Магадан, 1398км;148.158056;62.781667;Отсутствие в непосредственной близости объектов УДС и объектов притяжения, Перегон (нет объектов на месте ДТП);2015-09-03 23:59:00;В темное время суток, освещение включено;Дождь, Пасмурно;Не установлены;2;Все участники, Пешеходы;Тяжёлый;0;1
117112;Дорожно-транспортные происшествия;Наезд на препятствие;Магаданская область;Ольский район;;151.176389;50.513889;Отсутствие в непосредственной близости объектов УДС и объектов притяжения, Перегон (нет объектов на месте ДТП);2015-09-04 21:00:00;В темное время суток, освещение отсутствует;Дождь;Не установлены;2;Все участники;Тяжёлый;0;2
117898;Дорожно-транспортные происшествия;Съезд с дороги;Магаданская область;Магадан;г Магадан, Р-504 Колыма Якутск - Магадан, 1982км;150.851667;59.893889;Отсутствие в непосредственной близости объектов УДС и объектов притяжения, Перегон (нет объектов на месте ДТП);2015-09-06 02:20:00;В темное время суток, освещение отсутствует;Пасмурно;Отсутствие, плохая различимость горизонтальной разметки проезжей части;4;Все участники;Тяжёлый;0;3
118450;Дорожно-транспортные происшествия;Опрокидывание;Магаданская область;Сусуманский район;г Сусуман, Р-504 Колыма Якутск - Магадан, 1397км;148.150833;62.775278;Отсутствие в непосредственной близости объектов УДС и объектов притяжения, Перегон (нет объектов на месте ДТП);2015-09-07 00:35:00;В темное время суток, освещение включено;Ясно;Не установлены;1;Все участники;Тяжёлый;0;1
119210;Дорожно-транспортные происшествия;Наезд на пешехода;Магаданская область;Магадан;г Магадан, ул Пролетарская, 110;150.846667;59.545833;Иное место, Отсутствие в непосредственной близости объектов УДС и объектов притяжения, Перегон (нет объектов на месте ДТП), Школа либо иная детская (в т.ч. дошкольная) организация;2015-09-08 10:52:00;Светлое время суток;Пасмурно;Не установлены;2;Все участники, Пешеходы;Легкий;0;1
119763;Дорожно-транспортные происшествия;Опрокидывание;Магаданская область;Ягоднинский район;Ягоднинский район, ЛАРЮКОВОЕ-СЕЙМЧАН, 14км;151.666667;62.416667;Отсутствие в непосредственной близости объектов УДС и объектов притяжения, Перегон (нет объектов на месте ДТП);2015-09-09 12:00:00;Не установлено;Ясно;Не установлены;1;Все участники;С погибшими;1;0
119828;Дорожно-транспортные происшествия;Наезд на пешехода;Магаданская область;Магадан;г Магадан, ул Дзержинского, 2;150.806389;59.568056;Гаражные постройки (гаражный кооператив, товарищество либо иное место концентрированного размещения гаражей), Отсутствие в непосредственной близости объектов УДС и объектов притяжения, Перегон (нет объектов на месте ДТП), Тротуар, пешеходная дорожка;2015-09-09 14:10:00;Светлое время суток;Ясно;Не установлены;2;Все участники, Пешеходы;Легкий;0;1
119996;Дорожно-транспортные происшествия;Наезд на пешехода;Магаданская область;Магадан;г Магадан, ул Пролетарская, 36;150.816667;59.561944;Выезд с прилегающей территории, Остановка общественного транспорта, Отсутствие в непосредственной близости объектов УДС и объектов притяжения, Перегон (нет объектов на месте ДТП);2015-09-09 19:35:00;В темное время суток, освещение включено;Ясно;Не установлены;2;Все участники, Пешеходы;Легкий;0;1
120040;Дорожно-транспортные происшествия;Столкновение;Магаданская область;Магадан;г Магадан, ш Марчеканское, 42;150.793056;59.542778;Отсутствие в непосредственной близости объектов УДС и объектов притяжения, Перегон (нет объектов на месте ДТП);2015-09-09 20:40:00;В темное время суток, освещение включено;Ясно;Неудовлетворительное состояние обочин;3;Все участники;Тяжёлый;0;2
121013;Дорожно-транспортные происшествия;Наезд на пешехода;Магаданская область;Магадан;г Магадан, ул Пролетарская, 12;150.81;59.565833;Выезд с прилегающей территории, Остановка общественного транспорта, Отсутствие в непосредственной близости объектов УДС и объектов притяжения, Перегон (нет объектов на месте ДТП);2015-09-11 17:00:00;Светлое время суток;Дождь;Не установлены;2;Все участники, Пешеходы;С погибшими;1;0
122568;Дорожно-транспортные происшествия;Съезд с дороги;Магаданская область;Магадан;г Магадан, ш Марчеканское, 14;150.798056;59.560833;Выезд с прилегающей территории, Остановка общественного транспорта, Отсутствие в непосредственной близости объектов УДС и объектов притяжения, Перегон (нет объектов на месте ДТП);2015-09-14 03:40:00;В темное время суток, освещение включено;Дождь;Не установлены;2;Все участники;Легкий;0;1
123761;Дорожно-транспортные происшествия;Опрокидывание;Магаданская область;Ягоднинский район;Ягоднинский район, Р-504 Колыма Якутск - Магадан, 1634км;151.666667;62.25;Отсутствие в непосредственной близости объектов УДС и объектов притяжения, Перегон (нет объектов на месте ДТП);2015-09-16 10:30:00;Светлое время суток;Ясно;Не установлены;3;Все участники;Легкий;0;1
123799;Дорожно-транспортные происшествия;Наезд на пешехода;Магаданская область;Магадан;г Магадан, ул Пролетарская, 79;150.844167;59.549444;Внутридворовая территория, Одиночный торговый объект, являющийся местом притяжения транспорта и (или) пешеходов, Отсутствие в непосредственной близости объектов УДС и объектов притяжения, Перегон (нет объектов на месте ДТП);2015-09-16 12:10:00;Светлое время суток;Ясно;Не установлены;2;Все участники, Пешеходы;Легкий;0;1
125157;Дорожно-транспортные происшествия;Опрокидывание;Магаданская область;Среднекамский район;Среднеканский район, П. СЕЙМЧАН - ЮРТОВСКИЙ МОСТ, 2км;152.371389;62.948056;Отсутствие в непосредственной близости объектов УДС и объектов притяжения, Перегон (нет объектов на месте ДТП);2015-09-18 16:30:00;Светлое время суток;Ясно;Не установлены;3;Все участники;Тяжёлый;0;3
126270;Дорожно-транспортные происшествия;Наезд на пешехода;Магаданская область;Магадан;г Магадан, ул Берзина, 1;150.813889;59.575;Жилые дома индивидуальной застройки, Нерегулируемый пешеходный переход, Отсутствие в непосредственной близости объектов УДС и объектов притяжения, Перегон (нет объектов на месте ДТП);2015-09-20 01:45:00;В темное время суток, освещение включено;Пасмурно;Не установлены;2;Все участники, Пешеходы;Тяжёлый;0;1
126598;Дорожно-транспортные происшествия;Опрокидывание;Магаданская область;Ягоднинский район;Ягоднинский район, ЛАРЮКОВОЕ-СЕЙМЧАН, 6км;151.1;62.683056;Отсутствие в непосредственной близости объектов УДС и объектов притяжения, Перегон (нет объектов на месте ДТП);2015-09-20 17:15:00;Светлое время суток;Пасмурно;Не установлены;1;Все участники;Тяжёлый;0;1
127097;Дорожно-транспортные происшествия;Наезд на пешехода;Магаданская область;Магадан;г Магадан, ул Пролетарская, 2;150.805833;59.568611;Отсутствие в непосредственной близости объектов УДС и объектов притяжения, Перегон (нет объектов на месте ДТП);2015-09-21 13:05:00;Светлое время суток;Дождь;Не установлены;2;Все участники, Пешеходы;Тяжёлый;0;1
127319;Дорожно-транспортные происшествия;Наезд на пешехода;Магаданская область;Магадан;г Магадан, пер Восточный, 4;150.826111;59.580833;Отсутствие в непосредственной близости объектов УДС и объектов притяжения, Перегон (нет объектов на месте ДТП);2015-09-21 18:55:00;В темное время суток, освещение включено;Дождь;Не установлены;2;Все участники, Пешеходы;Тяжёлый;0;1
127916;Дорожно-транспортные происшествия;Наезд на пешехода;Магаданская область;Хасынский район;п Палатка, ул Ленина, 78;150.936667;60.103056;Отсутствие в непосредственной близости объектов УДС и объектов притяжения, Перегон (нет объектов на месте ДТП);2015-09-22 19:45:00;В темное время суток, освещение включено;Дождь;Не установлены;2;Все участники, Пешеходы;Легкий;0;1
129334;Дорожно-транспортные происшествия;Столкновение;Магаданская область;Магадан;г Магадан, ул Речная, 59;150.789444;59.590833;Отсутствие в непосредственной близости объектов УДС и объектов притяжения, Перегон (нет объектов на месте ДТП);2015-09-25 10:30:00;Светлое время суток;Ясно;Отсутствие дорожных знаков в необходимых местах;2;Все участники;С погибшими;1;0
129641;Дорожно-транспортные происшествия;Наезд на пешехода;Магаданская область;Омсуканский район;п Омсукчан, ул Ленина, 31;155.708056;62.476667;Нерегулируемый перекрёсток, Нерегулируемый перекрёсток неравнозначных улиц (дорог), Отсутствие в непосредственной близости объектов УДС и объектов притяжения, Перегон (нет объектов на месте ДТП);2015-09-25 18:30:00;В темное время суток, освещение включено;Ясно;Не установлены;3;Все участники, Пешеходы;Легкий;0;1
131442;Дорожно-транспортные происшествия;Наезд на пешехода;Магаданская область;Магадан;г Магадан, пр-кт Карла Маркса, 67;150.826389;59.554167;Внутридворовая территория, Одиночный торговый объект, являющийся местом притяжения транспорта и (или) пешеходов, Отсутствие в непосредственной близости объектов УДС и объектов притяжения, Перегон (нет объектов на месте ДТП);2015-09-28 12:00:00;Светлое время суток;Ясно;Не установлены;2;Все участники, Пешеходы;Легкий;0;1
131738;Дорожно-транспортные происшествия;Опрокидывание;Магаданская область;Ольский район;Ольский район, МАГАДАН-БАЛАГАННОЕ-ТАЛОН, 35км;150.436944;59.6825;Отсутствие в непосредственной близости объектов УДС и объектов притяжения, Перегон (нет объектов на месте ДТП);2015-09-28 21:00:00;В темное время суток, освещение отсутствует;Ясно;Не установлены;1;Все участники;С погибшими;1;0
133088;Дорожно-транспортные происшествия;Наезд на стоящее ТС;Магаданская область;Магадан;г Магадан, ш Марчеканское, 26;150.795;59.548889;Отсутствие в непосредственной близости объектов УДС и объектов притяжения, Перегон (нет объектов на месте ДТП);2015-10-01 14:05:00;Светлое время суток;Ясно;Не установлены;2;Все участники, Мотоциклисты;Тяжёлый;0;1
135623;Дорожно-транспортные происшествия;Наезд на пешехода;Магаданская область;Магадан;г Магадан, ул Пролетарская, 8;150.809167;59.567778;Отсутствие в непосредственной близости объектов УДС и объектов притяжения, Перегон (нет объектов на месте ДТП);2015-10-05 14:10:00;Светлое время суток;Ясно;Не установлены;2;Все участники, Пешеходы;Тяжёлый;0;1
137237;Дорожно-транспортные происшествия;Столкновение;Магаданская область;Магадан;г Магадан, ул Пролетарская, 239;150.875278;59.543889;Отсутствие в непосредственной близости объектов УДС и объектов притяжения, Перегон (нет объектов на месте ДТП);2015-10-08 10:20:00;Светлое время суток;Ясно;Не установлены;2;Все участники;Легкий;0;1
137577;Дорожно-транспортные происшествия;Наезд на стоящее ТС;Магаданская область;Магадан;пгт Сокол, ул Королева, 4;150.745556;59.917778;Отсутствие в непосредственной близости объектов УДС и объектов притяжения, Перегон (нет объектов на месте ДТП);2015-10-08 20:20:00;В темное время суток, освещение включено;Ясно;Не установлены;1;Все участники;Легкий;0;1
137656;Дорожно-транспортные происшествия;Опрокидывание;Магаданская область;Тенькинский район;Тенькинский район, ПАЛАТКА-КУЛУ-НЕКСИКАН, 264км;148.446667;61.465;Отсутствие в непосредственной близости объектов УДС и объектов притяжения, Перегон (нет объектов на месте ДТП);2015-10-08 23:30:00;В темное время суток, освещение отсутствует;Ясно;Не установлены;1;Все участники;Тяжёлый;0;1
141180;Дорожно-транспортные происшествия;Столкновение;Магаданская область;Магадан;Магадан, Р-504 Колыма Якутск - Магадан, 1990км;150.9325;59.628056;Отсутствие в непосредственной близости объектов УДС и объектов притяжения, Перегон (нет объектов на месте ДТП);2015-10-15 10:40:00;Светлое время суток;Ясно;Не установлены;3;Все участники;Легкий;0;2
141218;Дорожно-транспортные происшествия;Наезд на пешехода;Магаданская область;Магадан;г Магадан, ул Полярная, 13;150.790556;59.5625;Внутридворовая территория, Одиночный торговый объект, являющийся местом притяжения транспорта и (или) пешеходов, Отсутствие в непосредственной близости объектов УДС и объектов притяжения, Перегон (нет объектов на месте ДТП);2015-10-15 12:30:00;Светлое время суток;Ясно;Не установлены;2;Все участники, Пешеходы;Легкий;0;1
142001;Дорожно-транспортные происшествия;Съезд с дороги;Магаданская область;Ольский район;Ольский район, МАГАДАН-БАЛАГАННОЕ-ТАЛОН, 32км;150.473056;59.669444;Отсутствие в непосредственной близости объектов УДС и объектов притяжения, Перегон (нет объектов на месте ДТП);2015-10-16 19:30:00;В темное время суток, освещение отсутствует;Ясно;Не установлены;1;Все участники;Тяжёлый;0;1
142398;Дорожно-транспортные происшествия;Наезд на пешехода;Магаданская область;Магадан;г Магадан, пр-кт Карла Маркса, 54а;150.809444;59.561389;Внутридворовая территория, Одиночный торговый объект, являющийся местом притяжения транспорта и (или) пешеходов, Отсутствие в непосредственной близости объектов УДС и объектов притяжения, Перегон (нет объектов на месте ДТП);2015-10-17 15:20:00;Светлое время суток;Ясно;Не установлены;2;Все участники, Пешеходы;Тяжёлый;0;1
142576;Дорожно-транспортные происшествия;Опрокидывание;Магаданская область;Ягоднинский район;п Ягодное, Р-504 Колыма Якутск - Магадан, 1501км;149.625;62.525278;Отсутствие в непосредственной близости объектов УДС и объектов притяжения, Перегон (нет объектов на месте ДТП);2015-10-17 19:55:00;В темное время суток, освещение отсутствует;Пасмурно;Не установлены;1;Все участники;Тяжёлый;0;1
143835;Дорожно-транспортные происшествия;Наезд на препятствие;Магаданская область;Магадан;г Магадан, ул Якутская, 51;150.809444;59.5575;Отсутствие в непосредственной близости объектов УДС и объектов притяжения, Перегон (нет объектов на месте ДТП);2015-10-19 22:58:00;В темное время суток, освещение включено;Ясно;Недостатки зимнего содержания;2;Все участники;Тяжёлый;0;2
145453;Дорожно-транспортные происшествия;Опрокидывание;Магаданская область;Хасынский район;Хасынский район, Р-504 Колыма Якутск - Магадан, 1969км;150.405;59.571389;Отсутствие в непосредственной близости объектов УДС и объектов притяжения, Перегон (нет объектов на месте ДТП);2015-10-23 11:35:00;Светлое время суток;Ясно;Неудовлетворительное состояние обочин;1;Все участники;Легкий;0;1
145793;Дорожно-транспортные происшествия;Наезд на пешехода;Магаданская область;Магадан;г Магадан, ул Кольцевая, 38-а;150.818333;59.550556;Внутридворовая территория, Одиночный торговый объект, являющийся местом притяжения транспорта и (или) пешеходов, Отсутствие в непосредственной близости объектов УДС и объектов притяжения, Перегон (нет объектов на месте ДТП);2015-10-23 20:07:00;В темное время суток, освещение включено;Снегопад;Недостатки зимнего содержания;3;Все участники, Пешеходы;С погибшими;1;2
145949;Дорожно-транспортные происшествия;Опрокидывание;Магаданская область;Магадан;г Магадан, СОЛНЕЧНЫЙ - ОЛА - ДАЧНЫЕ УЧАСТКИ, 1км;150.494722;59.333889;Отсутствие в непосредственной близости объектов УДС и объектов притяжения, Перегон (нет объектов на месте ДТП);2015-10-24 02:00:00;В темное время суток, освещение отсутствует;Ясно;Не установлены;3;Все участники;Тяжёлый;0;2
146067;Дорожно-транспортные происшествия;Наезд на пешехода;Магаданская область;Магадан;г Магадан, пр-кт Ленина, 2А;150.808611;59.568889;Многоквартирные жилые дома, Остановка общественного транспорта, Отсутствие в непосредственной близости объектов УДС и объектов притяжения, Перегон (нет объектов на месте ДТП);2015-10-24 10:30:00;Светлое время суток;Ясно;Не установлены;2;Все участники, Пешеходы;Тяжёлый;0;1
146979;Дорожно-транспортные происшествия;Наезд на препятствие;Магаданская область;Магадан;г Магадан, ул Набережная реки Магаданки, 15;150.815556;59.565556;Отсутствие в непосредственной близости объектов УДС и объектов притяжения, Перегон (нет объектов на месте ДТП);2015-10-25 21:05:00;В темное время суток, освещение включено;Ясно;Не установлены;1;Все участники;Легкий;0;1
148284;Дорожно-транспортные происшествия;Опрокидывание;Магаданская область;Ягоднинский район;Ягоднинский район, Р-504 Колыма Якутск - Магадан, 1551км;150.750278;62.318056;Отсутствие в непосредственной близости объектов УДС и объектов притяжения, Перегон (нет объектов на месте ДТП);2015-10-28 12:00:00;Светлое время суток;Пасмурно;Недостатки зимнего содержания;2;Все участники;Тяжёлый;0;2
149748;Дорожно-транспортные происшествия;Наезд на пешехода;Магаданская область;Магадан;г Магадан, ул Берзина, 11;150.810278;59.575278;Отсутствие в непосредственной близости объектов УДС и объектов притяжения, Перегон (нет объектов на месте ДТП);2015-10-31 02:20:00;В темное время суток, освещение включено;Пасмурно;Не установлены;2;Все участники, Пешеходы;Легкий;0;1
150856;Дорожно-транспортные происшествия;Наезд на пешехода;Магаданская область;Магадан;г Магадан, ул Пролетарская, 38;150.817222;59.561111;Отсутствие в непосредственной близости объектов УДС и объектов притяжения, Перегон (нет объектов на месте ДТП);2015-11-02 12:00:00;Светлое время суток;Ясно;Отсутствие, плохая различимость горизонтальной разметки проезжей части;2;Все участники, Пешеходы;Легкий;0;1
152365;Дорожно-транспортные происшествия;Наезд на пешехода;Магаданская область;Магадан;г Магадан, ул Зайцева, 25;150.778889;59.628056;Отсутствие в непосредственной близости объектов УДС и объектов притяжения, Перегон (нет объектов на месте ДТП);2015-11-05 14:00:00;Светлое время суток;Ясно;Не установлены;2;Все участники, Пешеходы;Тяжёлый;0;1
152905;Дорожно-транспортные происшествия;Столкновение;Магаданская область;Магадан;г Магадан, ул Портовая, 21;150.788333;59.564444;Нерегулируемый перекрёсток, Нерегулируемый перекрёсток неравнозначных улиц (дорог), Отсутствие в непосредственной близости объектов УДС и объектов притяжения, Перегон (нет объектов на месте ДТП);2015-11-06 16:20:00;Светлое время суток;Ясно;Не установлены;3;Все участники;Легкий;0;1
153646;Дорожно-транспортные происшествия;Наезд на пешехода;Магаданская область;Магадан;Магадан, Р-504 Колыма Якутск - Магадан, 1981км;150.478333;59.536111;Отсутствие в непосредственной близости объектов УДС и объектов притяжения, Перегон (нет объектов на месте ДТП);2015-11-07 23:45:00;В темное время суток, освещение отсутствует;Ясно;Не установлены;2;Все участники, Пешеходы;Легкий;0;1
153748;Дорожно-транспортные происшествия;Опрокидывание;Магаданская область;Хасынский район;Хасынский район, ГЕРБА-ОМСУКЧАН, 67км;153.1614;61.49;Отсутствие в непосредственной близости объектов УДС и объектов притяжения, Перегон (нет объектов на месте ДТП);2015-11-08 08:00:00;Светлое время суток;Метель, Снегопад;Не установлены;2;Все участники;С погибшими;1;1
156215;Дорожно-транспортные происшествия;Съезд с дороги;Магаданская область;Магадан;Магадан, Р-504 Колыма Якутск - Магадан, 9км;150.924167;59.635;Отсутствие в непосредственной близости объектов УДС и объектов притяжения, Перегон (нет объектов на месте ДТП);2015-11-13 03:35:00;В темное время суток, освещение не включено;Ясно;Неисправное освещение;1;Все участники;Тяжёлый;0;1
157080;Дорожно-транспортные происшествия;Съезд с дороги;Магаданская область;Хасынский район;Хасынский район, Р-504 Колыма Якутск - Магадан, 1947км;150.535556;60.451944;Отсутствие в непосредственной близости объектов УДС и объектов притяжения, Перегон (нет объектов на месте ДТП);2015-11-14 16:25:00;Сумерки;Ясно;Не установлены;2;Все участники;Тяжёлый;0;2
157178;Дорожно-транспортные происшествия;Наезд на пешехода;Магаданская область;Магадан;г Магадан, пр-кт Карла Маркса, 31-18;150.803333;59.565278;Жилые дома индивидуальной застройки, Нерегулируемый пешеходный переход, Отсутствие в непосредственной близости объектов УДС и объектов притяжения, Перегон (нет объектов на месте ДТП);2015-11-14 18:50:00;В темное время суток, освещение включено;Ясно;Не установлены;2;Все участники, Пешеходы;Тяжёлый;0;1
159329;Дорожно-транспортные происшествия;Наезд на пешехода;Магаданская область;Магадан;г Магадан, ул Дзержинского, 11;150.8025;59.566944;Отсутствие в непосредственной близости объектов УДС и объектов притяжения, Перегон (нет объектов на месте ДТП);2015-11-19 09:00:00;Светлое время суток;Ясно;Недостатки зимнего содержания;2;Все участники, Пешеходы;Легкий;0;1
161065;Дорожно-транспортные происшествия;Съезд с дороги;Магаданская область;Ольский район;Ольский район, МАГАДАН-БАЛАГАННОЕ-ТАЛОН, 32км;150.473056;59.669167;Отсутствие в непосредственной близости объектов УДС и объектов притяжения, Перегон (нет объектов на месте ДТП);2015-11-22 14:30:00;Светлое время суток;Ясно;Не установлены;2;Все участники;Легкий;0;1
161919;Дорожно-транспортные происшествия;Столкновение;Магаданская область;Магадан;Магадан, СОЛНЕЧНЫЙ-ОЛА, 11км;150.93;59.643333;Отсутствие в непосредственной близости объектов УДС и объектов притяжения, Перегон (нет объектов на месте ДТП);2015-11-24 08:45:00;Светлое время суток;Ясно;Не установлены;3;Все участники;Легкий;0;1
163461;Дорожно-транспортные происшествия;Столкновение;Магаданская область;Магадан;г Магадан, ул Портовая, 21;150.789167;59.564444;Нерегулируемый перекрёсток, Нерегулируемый перекрёсток неравнозначных улиц (дорог), Отсутствие в непосредственной близости объектов УДС и объектов притяжения, Перегон (нет объектов на месте ДТП);2015-11-27 13:00:00;Светлое время суток;Ясно;Не установлены;2;Все участники;Легкий;0;1
163869;Дорожно-транспортные происшествия;Столкновение;Магаданская область;Магадан;г Магадан, ул Пролетарская, 116;150.854444;59.544722;Отсутствие в непосредственной близости объектов УДС и объектов притяжения, Перегон (нет объектов на месте ДТП);2015-11-28 03:55:00;В темное время суток, освещение включено;Ясно;Недостатки зимнего содержания;3;Все участники;Тяжёлый;0;1
165037;Дорожно-транспортные происшествия;Наезд на пешехода;Магаданская область;Магадан;г Магадан, ул Набережная реки Магаданки, 5;150.810278;59.569722;Жилые дома индивидуальной застройки, Нерегулируемый пешеходный переход, Отсутствие в непосредственной близости объектов УДС и объектов притяжения, Перегон (нет объектов на месте ДТП);2015-11-30 12:55:00;Светлое время суток;Ясно;Отсутствие дорожных знаков в необходимых местах;2;Все участники, Пешеходы;Легкий;0;1
165557;Дорожно-транспортные происшествия;Столкновение;Магаданская область;Магадан;г Магадан, ул Пролетарская, 130;150.857631;59.545074;Отсутствие в непосредственной близости объектов УДС и объектов притяжения, Перегон (нет объектов на месте ДТП);2015-12-01 11:49:00;Светлое время суток;Ясно;Недостатки зимнего содержания;4;Все участники;Тяжёлый;0;3
167876;Дорожно-транспортные происшествия;Столкновение;Магаданская область;Магадан;г Магадан, ул Набережная реки Магаданки, 12;150.820556;59.565;Отсутствие в непосредственной близости объектов УДС и объектов притяжения, Перегон (нет объектов на месте ДТП);2015-12-05 20:05:00;В темное время суток, освещение включено;Ясно;Низкие сцепные качества покрытия;2;Все участники;Легкий;0;1
168139;Дорожно-транспортные происшествия;Столкновение;Магаданская область;Магадан;г Магадан, Р-504 Колыма Якутск - Магадан, 2018км;150.9149;59.6216;Отсутствие в непосредственной близости объектов УДС и объектов притяжения, Перегон (нет объектов на месте ДТП);2015-12-06 14:00:00;Светлое время суток;Ясно;Не установлены;8;Все участники;Тяжёлый;0;5
168516;Дорожно-транспортные происшествия;Столкновение;Магаданская область;Магадан;г Магадан, ул Набережная реки Магаданки, 71;150.837669;59.556211;Отсутствие в непосредственной близости объектов УДС и объектов притяжения, Перегон (нет объектов на месте ДТП);2015-12-07 09:00:00;Светлое время суток;Ясно;Недостатки зимнего содержания;3;Все участники;Тяжёлый;0;1
169072;Дорожно-транспортные происшествия;Столкновение;Магаданская область;Магадан;Магадан, Р-504 Колыма Якутск - Магадан, 1979км;150.478611;59.536111;Иное место, Отсутствие в непосредственной близости объектов УДС и объектов притяжения, Перегон (нет объектов на месте ДТП), Школа либо иная детская (в т.ч. дошкольная) организация;2015-12-08 10:20:00;Светлое время суток;Ясно;Недостатки зимнего содержания;5;Все участники;Тяжёлый;0;4
169877;Дорожно-транспортные происшествия;Съезд с дороги;Магаданская область;Магадан;г Магадан, ул Широкая, 2А;150.796389;59.556944;Выезд с прилегающей территории, Остановка общественного транспорта, Отсутствие в непосредственной близости объектов УДС и объектов притяжения, Перегон (нет объектов на месте ДТП);2015-12-10 00:25:00;В темное время суток, освещение включено;Ясно;Недостатки зимнего содержания;2;Все участники;Тяжёлый;0;1
170565;Дорожно-транспортные происшествия;Наезд на пешехода;Магаданская область;Магадан;г Магадан, пр-кт Карла Маркса, 11;150.796389;59.569444;Объект (здание, сооружение) религиозного культа, Отсутствие в непосредственной близости объектов УДС и объектов притяжения, Перегон (нет объектов на месте ДТП), Регулируемый пешеходный переход;2015-12-11 13:55:00;Светлое время суток;Ясно;Недостатки зимнего содержания;2;Все участники, Пешеходы;Легкий;0;1
170820;Дорожно-транспортные происшествия;Съезд с дороги;Магаданская область;Ольский район;Ольский район, МАГАДАН-БАЛАГАННОЕ-ТАЛОН, 111км;149.2719;59.7017;Отсутствие в непосредственной близости объектов УДС и объектов притяжения, Перегон (нет объектов на месте ДТП);2015-12-11 21:00:00;В темное время суток, освещение отсутствует;Ясно;Недостатки зимнего содержания;4;Все участники;С погибшими;1;1
171890;Дорожно-транспортные происшествия;Опрокидывание;Магаданская область;Магадан;г Магадан, СОЛНЕЧНЫЙ-ОЛА, 2км;150.48751;59.37576;Отсутствие в непосредственной близости объектов УДС и объектов притяжения, Перегон (нет объектов на месте ДТП);2015-12-14 00:20:00;В темное время суток, освещение отсутствует;Температура ниже -30С, Ясно;Недостатки зимнего содержания;1;Все участники;Легкий;0;1
172575;Дорожно-транспортные происшествия;Опрокидывание;Магаданская область;Хасынский район;Хасынский район, ПАЛАТКА-КУЛУ-НЕКСИКАН, 14км;150.564758;60.12448;Отсутствие в непосредственной близости объектов УДС и объектов притяжения, Перегон (нет объектов на месте ДТП);2015-12-15 12:05:00;Светлое время суток;Ясно;Не установлены;11;Все участники;Легкий;0;10
172820;Дорожно-транспортные происшествия;Наезд на препятствие;Магаданская область;Магадан;г Магадан, ул Полярная, 6-17;150.7901;59.5613;Объект (здание, сооружение) религиозного культа, Отсутствие в непосредственной близости объектов УДС и объектов притяжения, Перегон (нет объектов на месте ДТП), Регулируемый пешеходный переход;2015-12-15 21:00:00;В темное время суток, освещение включено;Ясно;Недостатки зимнего содержания;1;Все участники;Легкий;0;1
173003;Дорожно-транспортные происшествия;Столкновение;Магаданская область;Магадан;г Магадан, пр-кт Карла Маркса, 63;150.818824;59.556944;Нерегулируемый перекрёсток, Нерегулируемый перекрёсток неравнозначных улиц (дорог), Отсутствие в непосредственной близости объектов УДС и объектов притяжения, Перегон (нет объектов на месте ДТП);2015-12-16 10:26:00;Светлое время суток;Ясно;Не установлены;3;Все участники;Легкий;0;1
173087;Дорожно-транспортные происшествия;Столкновение;Магаданская область;Магадан;г Магадан, км Основная трасса 2, 2;150.810412;59.569934;Нерегулируемый перекрёсток, Нерегулируемый перекрёсток неравнозначных улиц (дорог), Отсутствие в непосредственной близости объектов УДС и объектов притяжения, Перегон (нет объектов на месте ДТП);2015-12-16 13:55:00;Светлое время суток;Ясно;Не установлены;3;Все участники;Легкий;0;1
173957;Дорожно-транспортные происшествия;Столкновение;Магаданская область;Магадан;г Магадан, Р-504 Колыма Якутск - Магадан, 2016км;150.8502;59.5948;Отсутствие в непосредственной близости объектов УДС и объектов притяжения, Перегон (нет объектов на месте ДТП);2015-12-18 09:15:00;Светлое время суток;Температура ниже -30С, Ясно;Не установлены;3;Все участники;Тяжёлый;0;1
174637;Дорожно-транспортные происшествия;Столкновение;Магаданская область;Магадан;г Магадан, ул Гагарина, 25;150.8096;59.5543;Отсутствие в непосредственной близости объектов УДС и объектов притяжения, Перегон (нет объектов на месте ДТП);2015-12-19 13:20:00;Светлое время суток;Ясно;Недостатки зимнего содержания, Отсутствие, плохая различимость горизонтальной разметки проезжей части;3;Все участники;Легкий;0;1
175665;Дорожно-транспортные происшествия;Столкновение;Магаданская область;Магадан;г Магадан, Р-504 Колыма Якутск - Магадан, 2018км;150.8434;59.5929;Отсутствие в непосредственной близости объектов УДС и объектов притяжения, Перегон (нет объектов на месте ДТП);2015-12-21 14:55:00;Светлое время суток;Ясно;Не установлены;4;Все участники;С погибшими;1;3
176281;Дорожно-транспортные происшествия;Наезд на стоящее ТС;Магаданская область;Ольский район;Ольский район, МАГАДАН-БАЛАГАННОЕ-ТАЛОН, 65км;150.0978;59.6839;Отсутствие в непосредственной близости объектов УДС и объектов притяжения, Перегон (нет объектов на месте ДТП);2015-12-22 15:30:00;В темное время суток, освещение отсутствует;Ясно;Не установлены;2;Все участники;С погибшими;1;0
176402;Дорожно-транспортные происшествия;Наезд на пешехода;Магаданская область;Магадан;г Магадан, ул Пролетарская, 17;150.8137;59.5664;Иное место, Отсутствие в непосредственной близости объектов УДС и объектов притяжения, Перегон (нет объектов на месте ДТП), Школа либо иная детская (в т.ч. дошкольная) организация;2015-12-22 17:50:00;В темное время суток, освещение включено;Ясно;Недостатки зимнего содержания, Отсутствие, плохая различимость горизонтальной разметки проезжей части;3;Все участники, Пешеходы;Легкий;0;1
176746;Дорожно-транспортные происшествия;Столкновение;Магаданская область;Магадан;г Магадан, ул Речная, 10;150.79632;59.57807;Отсутствие в непосредственной близости объектов УДС и объектов притяжения, Перегон (нет объектов на месте ДТП);2015-12-23 10:15:00;Светлое время суток;Ясно;Недостатки зимнего содержания;2;Все участники;Легкий;0;2
176893;Дорожно-транспортные происшествия;Наезд на пешехода;Магаданская область;Магадан;г Магадан, ул Наровчатова, 20;150.8256;59.5548;Жилые дома индивидуальной застройки, Нерегулируемый пешеходный переход, Отсутствие в непосредственной близости объектов УДС и объектов притяжения, Перегон (нет объектов на месте ДТП);2015-12-23 16:40:00;В темное время суток, освещение включено;Ясно;Недостатки зимнего содержания;2;Все участники, Пешеходы;Тяжёлый;0;1
178543;Дорожно-транспортные происшествия;Столкновение;Магаданская область;Магадан;г Магадан, Р-504 Колыма Якутск - Магадан, 2008км;150.5526;59.3968;Отсутствие в непосредственной близости объектов УДС и объектов притяжения, Перегон (нет объектов на месте ДТП);2015-12-26 09:45:00;Светлое время суток;Пасмурно;Недостатки зимнего содержания;2;Все участники;Легкий;0;1
178828;Дорожно-транспортные происшествия;Наезд на стоящее ТС;Магаданская область;Магадан;г Магадан, ул Кольцевая, 10;150.8287;59.5523;Отсутствие в непосредственной близости объектов УДС и объектов притяжения, Перегон (нет объектов на месте ДТП);2015-12-26 19:05:00;В темное время суток, освещение включено;Пасмурно;Недостатки зимнего содержания;3;Все участники;Легкий;0;1
178981;Дорожно-транспортные происшествия;Наезд на пешехода;Магаданская область;Магадан;г Магадан, ул Первомайская, 31;150.8979;59.5301;Отсутствие в непосредственной близости объектов УДС и объектов притяжения, Перегон (нет объектов на месте ДТП);2015-12-27 01:30:00;В темное время суток, освещение отсутствует;Пасмурно;Недостатки зимнего содержания;2;Все участники, Пешеходы;Тяжёлый;0;1
179015;Дорожно-транспортные происшествия;Наезд на пешехода;Магаданская область;Магадан;г Магадан, ул Набережная реки Магаданки, 51;150.8353;59.5608;Отсутствие в непосредственной близости объектов УДС и объектов притяжения, Перегон (нет объектов на месте ДТП);2015-12-27 04:10:00;В темное время суток, освещение включено;Пасмурно;Недостатки зимнего содержания;2;Все участники, Пешеходы;Легкий;0;1
179235;Дорожно-транспортные происшествия;Съезд с дороги;Магаданская область;Магадан;г Магадан, СОЛНЕЧНЫЙ-ОЛА, 12км;150.9778;59.62;Отсутствие в непосредственной близости объектов УДС и объектов притяжения, Перегон (нет объектов на месте ДТП);2015-12-27 15:41:00;Сумерки;Ясно;Недостатки зимнего содержания;1;Все участники;Тяжёлый;0;1
181541;Дорожно-транспортные происшествия;Столкновение;Магаданская область;Магадан;г Магадан, ул Речная, 3;150.7994;59.5746;Отсутствие в непосредственной близости объектов УДС и объектов притяжения, Перегон (нет объектов на месте ДТП);2015-12-31 23:55:00;В темное время суток, освещение включено;Ясно;Недостатки зимнего содержания;2;Все участники;Легкий;0;1
181670;Дорожно-транспортные происшествия;Столкновение;Магаданская область;Магадан;г Магадан, ул Правонабережная, 23а;150.8067;59.5728;Отсутствие в непосредственной близости объектов УДС и объектов притяжения, Перегон (нет объектов на месте ДТП);2016-01-01 08:10:00;Светлое время суток;Пасмурно;Не установлены;3;Все участники;Тяжёлый;0;3
181967;Дорожно-транспортные происшествия;Столкновение;Магаданская область;Магадан;г Магадан, ул Кольцевая, 9;150.8231;59.5506;Административные здания, Отсутствие в непосредственной близости объектов УДС и объектов притяжения, Перегон (нет объектов на месте ДТП), Регулируемый перекресток;2016-01-02 09:00:00;Светлое время суток;Ясно;Недостатки зимнего содержания;3;Все участники;Легкий;0;1
182350;Дорожно-транспортные происшествия;Наезд на препятствие;Магаданская область;Магадан;г Магадан, Р-504 Колыма Якутск - Магадан, 2019км;150.877959;59.603038;Отсутствие в непосредственной близости объектов УДС и объектов притяжения, Перегон (нет объектов на месте ДТП);2016-01-03 12:20:00;Светлое время суток;Пасмурно;Недостатки зимнего содержания, Отсутствие элементов обустройства остановочного пункта общественного пассажирского транспорта;3;Все участники;Тяжёлый;0;3
182470;Дорожно-транспортные происшествия;Наезд на пешехода;Магаданская область;Магадан;г Магадан, МАГАДАН-БАЛАГАННОЕ-ТАЛОН, 6км;150.782;59.6151;Отсутствие в непосредственной близости объектов УДС и объектов притяжения, Перегон (нет объектов на месте ДТП);2016-01-03 17:08:00;В темное время суток, освещение отсутствует;Пасмурно;Недостатки зимнего содержания;2;Все участники, Пешеходы;Тяжёлый;0;1
182835;Дорожно-транспортные происшествия;Наезд на пешехода;Магаданская область;Магадан;г Магадан, пр-кт Карла Маркса, 84;150.8239;59.5537;Административные здания, Объект (здание, сооружение) религиозного культа, Регулируемый перекресток, Регулируемый пешеходный переход;2016-01-04 20:10:00;В темное время суток, освещение включено;Ясно;Недостатки зимнего содержания;2;Все участники, Пешеходы;Легкий;0;1
186200;Дорожно-транспортные происшествия;Наезд на стоящее ТС;Магаданская область;Магадан;г Магадан, Р-504 Колыма Якутск - Магадан, 2016км;150.8644;59.5969;Отсутствие в непосредственной близости объектов УДС и объектов притяжения, Перегон (нет объектов на месте ДТП);2016-01-14 18:00:00;В темное время суток, освещение отсутствует;Ясно;Не установлены;2;Все участники;Тяжёлый;0;1
186293;Дорожно-транспортные происшествия;Столкновение;Магаданская область;Магадан;г Магадан, СОЛНЕЧНЫЙ-ОЛА, 13км;150.955;59.6258;Отсутствие в непосредственной близости объектов УДС и объектов притяжения, Перегон (нет объектов на месте ДТП);2016-01-14 22:30:00;В темное время суток, освещение отсутствует;Ясно;Не установлены;3;Все участники;Легкий;0;2
186466;Дорожно-транспортные происшествия;Наезд на пешехода;Магаданская область;Магадан;г Магадан, ул Коммуны, 10;150.794036;59.561944;Жилые дома индивидуальной застройки, Нерегулируемый пешеходный переход, Отсутствие в непосредственной близости объектов УДС и объектов притяжения, Перегон (нет объектов на месте ДТП);2016-01-15 12:20:00;Светлое время суток;Ясно;Отсутствие дорожных знаков в необходимых местах;2;Все участники, Пешеходы;Тяжёлый;0;1
186792;Дорожно-транспортные происшествия;Опрокидывание;Магаданская область;Ольский район;;151.2997;59.5858;Иное место, Отсутствие в непосредственной близости объектов УДС и объектов притяжения, Перегон (нет объектов на месте ДТП), Школа либо иная детская (в т.ч. дошкольная) организация;2016-01-16 10:15:00;Светлое время суток;Ясно;Не установлены;1;Все участники;Тяжёлый;0;1
187502;Дорожно-транспортные происшествия;Столкновение;Магаданская область;Магадан;г Магадан, ул Продольная, 19;150.831037;59.587978;Отсутствие в непосредственной близости объектов УДС и объектов притяжения, Перегон (нет объектов на месте ДТП);2016-01-18 10:55:00;Светлое время суток;Ясно;Недостатки зимнего содержания;2;Все участники;Тяжёлый;0;2
187875;Дорожно-транспортные происшествия;Столкновение;Магаданская область;Магадан;г Магадан, Р-504 Колыма Якутск - Магадан, 2019км;150.8903;59.6037;Отсутствие в непосредственной близости объектов УДС и объектов притяжения, Перегон (нет объектов на месте ДТП);2016-01-19 09:20:00;Светлое время суток;Пасмурно;Отсутствие дорожных ограждений в необходимых местах;5;Все участники;Тяжёлый;0;4
187903;Дорожно-транспортные происшествия;Столкновение;Магаданская область;Магадан;г Магадан, ул Пролетарская, 96;150.8356;59.5503;Отсутствие в непосредственной близости объектов УДС и объектов притяжения, Перегон (нет объектов на месте ДТП);2016-01-19 11:00:00;Светлое время суток;Пасмурно;Недостатки зимнего содержания;3;Все участники, Общ. транспорт;Легкий;0;1
188586;Дорожно-транспортные происшествия;Съезд с дороги;Магаданская область;Ольский район;Ольский район, ОЛА-ГАДЛЯ, 3км;151.311;59.614;Отсутствие в непосредственной близости объектов УДС и объектов притяжения, Перегон (нет объектов на месте ДТП);2016-01-21 07:20:00;Сумерки;Ясно;Недостатки зимнего содержания, Отсутствие дорожных знаков в необходимых местах;1;Все участники;С погибшими;1;0
189821;Дорожно-транспортные происшествия;Столкновение;Магаданская область;Магадан;г Магадан, ул Набережная реки Магаданки, 13;150.820216;59.564619;Отсутствие в непосредственной близости объектов УДС и объектов притяжения, Перегон (нет объектов на месте ДТП);2016-01-24 15:40:00;Светлое время суток;Ясно;Недостатки зимнего содержания;4;Все участники;Легкий;0;1
190212;Дорожно-транспортные происшествия;Наезд на пешехода;Магаданская область;Магадан;г Магадан, ул Парковая, 21;150.8114;59.5679;Отсутствие в непосредственной близости объектов УДС и объектов притяжения, Перегон (нет объектов на месте ДТП);2016-01-25 18:50:00;В темное время суток, освещение включено;Ясно;Отсутствие, плохая различимость горизонтальной разметки проезжей части;2;Все участники, Пешеходы;Легкий;0;1
190741;Дорожно-транспортные происшествия;Наезд на пешехода;Магаданская область;Магадан;г Магадан, ул Потапова, 11;150.7976;59.5568;Жилые дома индивидуальной застройки, Нерегулируемый пешеходный переход, Отсутствие в непосредственной близости объектов УДС и объектов притяжения, Перегон (нет объектов на месте ДТП);2016-01-27 13:00:00;Светлое время суток;Ясно;Не установлены;2;Все участники, Пешеходы;Легкий;0;1
191405;Дорожно-транспортные происшествия;Столкновение;Магаданская область;Хасынский район;Хасынский район, Р-504 Колыма Якутск - Магадан, 1951км;150.482453;60.049465;Отсутствие в непосредственной близости объектов УДС и объектов притяжения, Перегон (нет объектов на месте ДТП);2016-01-29 11:40:00;Светлое время суток;Ясно;Не установлены;3;Все участники;Легкий;0;1
192414;Дорожно-транспортные происшествия;Наезд на пешехода;Магаданская область;Тенькинский район;п Омчак, ул Клубная, 8;149.1017;61.2017;Внутридворовая территория, Одиночный торговый объект, являющийся местом притяжения транспорта и (или) пешеходов, Отсутствие в непосредственной близости объектов УДС и объектов притяжения, Перегон (нет объектов на месте ДТП);2016-02-01 13:20:00;Светлое время суток;Температура ниже -30С, Ясно;Не установлены;2;Все участники, Пешеходы;Тяжёлый;0;1
193065;Дорожно-транспортные происшествия;Столкновение;Магаданская область;Магадан;г Магадан, ул Пролетарская, 8;150.8403;59.5497;Выезд с прилегающей территории, Остановка общественного транспорта, Отсутствие в непосредственной близости объектов УДС и объектов притяжения, Перегон (нет объектов на месте ДТП);2016-02-03 08:15:00;Светлое время суток;Ясно;Недостатки зимнего содержания;3;Все участники;Легкий;0;1
194776;Дорожно-транспортные происшествия;Падение пассажира;Магаданская область;Магадан;г Магадан, ул Якутская, 56-11;150.8074;59.5566;Административные здания, Отсутствие в непосредственной близости объектов УДС и объектов притяжения, Перегон (нет объектов на месте ДТП), Регулируемый перекресток;2016-02-08 10:27:00;Светлое время суток;Ясно;Не установлены;2;Все участники, Общ. транспорт;Легкий;0;1
194897;Дорожно-транспортные происшествия;Столкновение;Магаданская область;Магадан;г Магадан, ул Дзержинского, 21;150.795992;59.564927;Административные здания, Отсутствие в непосредственной близости объектов УДС и объектов притяжения, Перегон (нет объектов на месте ДТП), Регулируемый перекресток;2016-02-08 17:00:00;Сумерки;Ясно;Не установлены;3;Все участники;Легкий;0;1
195390;Дорожно-транспортные происшествия;Столкновение;Магаданская область;Магадан;г Магадан, ул Пролетарская, 66;150.8295;59.5551;Отсутствие в непосредственной близости объектов УДС и объектов притяжения, Перегон (нет объектов на месте ДТП);2016-02-10 07:10:00;В темное время суток, освещение включено;Снегопад;Недостатки зимнего содержания;3;Все участники;Легкий;0;1
195713;Дорожно-транспортные происшествия;Столкновение;Магаданская область;Магадан;г Магадан, ул Набережная реки Магаданки, 7;150.8092;59.5689;Нерегулируемый перекрёсток, Нерегулируемый перекрёсток неравнозначных улиц (дорог), Отсутствие в непосредственной близости объектов УДС и объектов притяжения, Перегон (нет объектов на месте ДТП);2016-02-11 07:40:00;Светлое время суток;Ясно;Недостатки зимнего содержания;3;Все участники;Легкий;0;2
195791;Дорожно-транспортные происшествия;Опрокидывание;Магаданская область;Хасынский район;Хасынский район, Р-504 Колыма Якутск - Магадан, 1713км;152.185008;61.431722;Отсутствие в непосредственной близости объектов УДС и объектов притяжения, Перегон (нет объектов на месте ДТП);2016-02-11 12:00:00;Светлое время суток;Ясно;Недостатки зимнего содержания;1;Все участники;Легкий;0;1
196063;Дорожно-транспортные происшествия;Столкновение;Магаданская область;Магадан;г Магадан, пр-кт Карла Маркса, 25;150.801;59.5677;Административные здания, Отсутствие в непосредственной близости объектов УДС и объектов притяжения, Перегон (нет объектов на месте ДТП), Регулируемый перекресток;2016-02-12 08:50:00;Светлое время суток;Ясно;Недостатки зимнего содержания;4;Все участники;Легкий;0;1
196198;Дорожно-транспортные происшествия;Съезд с дороги;Магаданская область;Магадан;пгт Сокол, Р-504 Колыма Якутск - Магадан, 1974км;150.4463;59.5598;Отсутствие в непосредственной близости объектов УДС и объектов притяжения, Перегон (нет объектов на месте ДТП);2016-02-12 16:10:00;Светлое время суток;Ясно;Не установлены;2;Все участники;Легкий;0;1
196631;Дорожно-транспортные происшествия;Наезд на пешехода;Магаданская область;Магадан;г Магадан, ул Нагаевская, 51;150.7916;59.5589;Отсутствие в непосредственной близости объектов УДС и объектов притяжения, Перегон (нет объектов на месте ДТП);2016-02-13 19:20:00;В темное время суток, освещение включено;Ясно;Не установлены;2;Все участники, Пешеходы;Легкий;0;1
197136;Дорожно-транспортные происшествия;Наезд на пешехода;Магаданская область;Магадан;г Магадан, ул Билибина, 3;150.7939;59.5618;Жилые дома индивидуальной застройки, Нерегулируемый пешеходный переход, Отсутствие в непосредственной близости объектов УДС и объектов притяжения, Перегон (нет объектов на месте ДТП);2016-02-15 08:55:00;Светлое время суток;Ясно;Недостатки зимнего содержания;2;Все участники, Общ. транспорт, Пешеходы;Легкий;0;1
197360;Дорожно-транспортные происшествия;Съезд с дороги;Магаданская область;Магадан;г Магадан, ул Набережная реки Магаданки, 9;150.81205;59.56804;Отсутствие в непосредственной близости объектов УДС и объектов притяжения, Перегон (нет объектов на месте ДТП);2016-02-15 19:45:00;В темное время суток, освещение включено;Ясно;Недостатки зимнего содержания;1;Все участники;Легкий;0;1
197514;Дорожно-транспортные происшествия;Столкновение;Магаданская область;Сусуманский район;Сусуманский район, Р-504 Колыма Якутск - Магадан, 1329км;147.1889;63.0444;Отсутствие в непосредственной близости объектов УДС и объектов притяжения, Перегон (нет объектов на месте ДТП);2016-02-16 11:48:00;Светлое время суток;Пасмурно, Снегопад;Не установлены;2;Все участники;С погибшими;2;0
198618;Дорожно-транспортные происшествия;Наезд на пешехода;Магаданская область;Магадан;г Магадан, ул Горького, 9;150.8107;59.5636;Выезд с прилегающей территории, Остановка общественного транспорта, Отсутствие в непосредственной близости объектов УДС и объектов притяжения, Перегон (нет объектов на месте ДТП);2016-02-19 15:20:00;Светлое время суток;Ясно;Недостатки зимнего содержания;2;Все участники, Пешеходы;Тяжёлый;0;1
201088;Дорожно-транспортные происшествия;Столкновение;Магаданская область;Магадан;г Магадан, ул Арманская, 22;150.784975;59.626757;Отсутствие в непосредственной близости объектов УДС и объектов притяжения, Перегон (нет объектов на месте ДТП);2016-02-26 17:55:00;В темное время суток, освещение включено;Ясно;Не установлены;3;Все участники, Общ. транспорт;Легкий;0;1
202712;Дорожно-транспортные происшествия;Наезд на пешехода;Магаданская область;Магадан;г Магадан, ул Транспортная, 6;150.7994;59.5715;Отсутствие в непосредственной близости объектов УДС и объектов притяжения, Перегон (нет объектов на месте ДТП);2016-03-02 17:42:00;Светлое время суток;Ясно;Не установлены;3;Все участники, Пешеходы;Легкий;0;1
202941;Дорожно-транспортные происшествия;Наезд на пешехода;Магаданская область;Магадан;г Магадан, ул Потапова, 14;150.796719;59.555707;Отсутствие в непосредственной близости объектов УДС и объектов притяжения, Перегон (нет объектов на месте ДТП);2016-03-03 15:55:00;Светлое время суток;Ясно;Недостатки зимнего содержания;2;Все участники, Пешеходы;Тяжёлый;0;1
203784;Дорожно-транспортные происшествия;Наезд на стоящее ТС;Магаданская область;Магадан;г Магадан, ул Пролетарская, 96;150.8356;59.5503;Отсутствие в непосредственной близости объектов УДС и объектов притяжения, Перегон (нет объектов на месте ДТП);2016-03-05 23:22:00;В темное время суток, освещение включено;Ясно;Недостатки зимнего содержания;4;Все участники;Легкий;0;3
204256;Дорожно-транспортные происшествия;Съезд с дороги;Магаданская область;Магадан;г Магадан, ул Первомайская, 50;150.9072;59.5209;Иное место, Отсутствие в непосредственной близости объектов УДС и объектов притяжения, Перегон (нет объектов на месте ДТП), Школа либо иная детская (в т.ч. дошкольная) организация;2016-03-07 16:00:00;Светлое время суток;Ясно;Не установлены;3;Все участники;Тяжёлый;0;2
204455;Дорожно-транспортные происшествия;Съезд с дороги;Магаданская область;Тенькинский район;Тенькинский район, ПАЛАТКА-КУЛУ-НЕКСИКАН, 83км;150.8517;60.1017;Отсутствие в непосредственной близости объектов УДС и объектов притяжения, Перегон (нет объектов на месте ДТП);2016-03-08 10:00:00;Светлое время суток;Пасмурно;Не установлены;1;Все участники;Тяжёлый;0;1
205827;Дорожно-транспортные происшествия;Наезд на препятствие;Магаданская область;Магадан;г Магадан, пр-кт Карла Маркса, 54;150.81142;59.560326;Отсутствие в непосредственной близости объектов УДС и объектов притяжения, Перегон (нет объектов на месте ДТП);2016-03-12 17:20:00;Светлое время суток;Ясно;Не установлены;1;Все участники;Легкий;0;1
205923;Дорожно-транспортные происшествия;Наезд на пешехода;Магаданская область;Ольский район;;151.4958;59.9525;Выезд с прилегающей территории, Остановка общественного транспорта, Отсутствие в непосредственной близости объектов УДС и объектов притяжения, Перегон (нет объектов на месте ДТП);2016-03-12 22:30:00;В темное время суток, освещение отсутствует;Ясно;Отсутствие освещения;2;Все участники, Пешеходы;Тяжёлый;0;1
205988;Дорожно-транспортные происшествия;Столкновение;Магаданская область;Магадан;г Магадан, ул Речная, 24;150.79482;59.583881;Отсутствие в непосредственной близости объектов УДС и объектов притяжения, Перегон (нет объектов на месте ДТП);2016-03-13 07:10:00;Светлое время суток;Ясно;Не установлены;3;Все участники, Общ. транспорт;Тяжёлый;0;2
206769;Дорожно-транспортные происшествия;Наезд на пешехода;Магаданская область;Магадан;г Магадан, ул Дзержинского, 24;150.7994;59.5657;Выезд с прилегающей территории, Остановка общественного транспорта, Отсутствие в непосредственной близости объектов УДС и объектов притяжения, Перегон (нет объектов на месте ДТП);2016-03-15 18:30:00;В темное время суток, освещение включено;Пасмурно;Не установлены;2;Все участники, Пешеходы;Тяжёлый;0;1
207150;Дорожно-транспортные происшествия;Наезд на стоящее ТС;Магаданская область;Магадан;г Магадан, ул Пролетарская, 79-1;150.8436;59.5498;Внутридворовая территория, Одиночный торговый объект, являющийся местом притяжения транспорта и (или) пешеходов, Отсутствие в непосредственной близости объектов УДС и объектов притяжения, Перегон (нет объектов на месте ДТП);2016-03-16 21:18:00;В темное время суток, освещение включено;Пасмурно, Ураганный ветер;Не установлены;1;Все участники;Легкий;0;1
207700;Дорожно-транспортные происшествия;Столкновение;Магаданская область;Хасынский район;Хасынский район, Р-504 Колыма Якутск - Магадан, 1860км;151.396;60.346;Отсутствие в непосредственной близости объектов УДС и объектов притяжения, Перегон (нет объектов на месте ДТП);2016-03-18 15:10:00;Светлое время суток;Пасмурно;Недостатки зимнего содержания;3;Все участники;Тяжёлый;0;1
207935;Дорожно-транспортные происшествия;Наезд на препятствие;Магаданская область;Магадан;г Магадан, ул Пролетарская, 112;150.8544;59.5465;Отсутствие в непосредственной близости объектов УДС и объектов притяжения, Перегон (нет объектов на месте ДТП);2016-03-19 04:30:00;В темное время суток, освещение включено;Пасмурно;Отсутствие, плохая различимость горизонтальной разметки проезжей части;2;Все участники;Тяжёлый;0;1
208670;Дорожно-транспортные происшествия;Столкновение;Магаданская область;Магадан;г Магадан, Р-504 Колыма Якутск - Магадан, 2019км;150.8935;59.6058;Отсутствие в непосредственной близости объектов УДС и объектов притяжения, Перегон (нет объектов на месте ДТП);2016-03-21 08:40:00;Светлое время суток;Снегопад;Недостатки зимнего содержания;3;Все участники, Общ. транспорт;Легкий;0;2
208824;Дорожно-транспортные происшествия;Столкновение;Магаданская область;Магадан;г Магадан, МАГАДАН-БАЛАГАННОЕ-ТАЛОН, 6км;150.784;59.6143;Отсутствие в непосредственной близости объектов УДС и объектов притяжения, Перегон (нет объектов на месте ДТП);2016-03-21 17:00:00;Светлое время суток;Снегопад;Недостатки зимнего содержания;3;Все участники;Легкий;0;2
208865;Дорожно-транспортные происшествия;Наезд на пешехода;Магаданская область;Магадан;г Магадан, ул Пролетарская, 96;150.8428;59.5502;Жилые дома индивидуальной застройки, Нерегулируемый пешеходный переход, Отсутствие в непосредственной близости объектов УДС и объектов притяжения, Перегон (нет объектов на месте ДТП);2016-03-21 19:00:00;В темное время суток, освещение включено;Снегопад;Недостатки зимнего содержания;2;Все участники, Пешеходы;Легкий;0;1
208970;Дорожно-транспортные происшествия;Наезд на препятствие;Магаданская область;Хасынский район;Хасынский район, Р-504 Колыма Якутск - Магадан, 1941км;150.564675;60.62694;Иное место, Отсутствие в непосредственной близости объектов УДС и объектов притяжения, Перегон (нет объектов на месте ДТП), Школа либо иная детская (в т.ч. дошкольная) организация;2016-03-22 04:55:00;В темное время суток, освещение включено;Пасмурно;Не установлены;2;Все участники;Тяжёлый;0;2
209236;Дорожно-транспортные происшествия;Наезд на пешехода;Магаданская область;Магадан;г Магадан, ул Портовая, 23-24;150.7861;59.5648;Жилые дома индивидуальной застройки, Нерегулируемый пешеходный переход, Отсутствие в непосредственной близости объектов УДС и объектов притяжения, Перегон (нет объектов на месте ДТП);2016-03-22 19:50:00;В темное время суток, освещение включено;Ясно;Недостатки зимнего содержания;2;Все участники, Пешеходы;Легкий;0;1
210498;Дорожно-транспортные происшествия;Наезд на пешехода;Магаданская область;Магадан;г Магадан, км Основная трасса 2, 0;150.81059;59.56996;Жилые дома индивидуальной застройки, Нерегулируемый пешеходный переход, Отсутствие в непосредственной близости объектов УДС и объектов притяжения, Перегон (нет объектов на месте ДТП);2016-03-26 15:10:00;Светлое время суток;Ясно;Недостатки зимнего содержания, Отсутствие, плохая различимость горизонтальной разметки проезжей части;3;Все участники, Пешеходы;С погибшими;1;1
210501;Дорожно-транспортные происшествия;Наезд на пешехода;Магаданская область;Магадан;г Магадан, ул Пролетарская, 201;150.8658;59.5451;Отсутствие в непосредственной близости объектов УДС и объектов притяжения, Перегон (нет объектов на месте ДТП);2016-03-26 15:25:00;Светлое время суток;Ясно;Не установлены;2;Все участники, Пешеходы;Легкий;0;1
212611;Дорожно-транспортные происшествия;Столкновение;Магаданская область;Магадан;г Магадан, ул Гагарина, 21-1;150.808799;59.555005;Объект (здание, сооружение) религиозного культа, Отсутствие в непосредственной близости объектов УДС и объектов притяжения, Перегон (нет объектов на месте ДТП), Регулируемый пешеходный переход;2016-04-01 22:10:00;В темное время суток, освещение включено;Снегопад;Отсутствие, плохая различимость горизонтальной разметки проезжей части;3;Все участники;Легкий;0;1
212636;Дорожно-транспортные происшествия;Наезд на стоящее ТС;Магаданская область;Магадан;г Магадан, ул Гагарина, 28в;150.8104;59.5541;Внутридворовая территория, Одиночный торговый объект, являющийся местом притяжения транспорта и (или) пешеходов, Отсутствие в непосредственной близости объектов УДС и объектов притяжения, Перегон (нет объектов на месте ДТП);2016-04-02 00:30:00;В темное время суток, освещение включено;Пасмурно;Не установлены;3;Все участники;Легкий;0;1
212680;Дорожно-транспортные происшествия;Наезд на препятствие;Магаданская область;Магадан;г Магадан, ул Парковая, 12;150.8099;59.5617;Административные здания, Отсутствие в непосредственной близости объектов УДС и объектов притяжения, Перегон (нет объектов на месте ДТП), Регулируемый перекресток;2016-04-02 06:40:00;Светлое время суток;Пасмурно;Отсутствие, плохая различимость горизонтальной разметки проезжей части;1;Все участники;Тяжёлый;0;1
213016;Дорожно-транспортные происшествия;Наезд на пешехода;Магаданская область;Магадан;г Магадан, ул Берзина, 25;150.8125;59.581;Зоны отдыха, Остановка маршрутного такси, Отсутствие в непосредственной близости объектов УДС и объектов притяжения, Перегон (нет объектов на месте ДТП);2016-04-03 03:40:00;В темное время суток, освещение включено;Пасмурно;Отсутствие, плохая различимость горизонтальной разметки проезжей части;2;Все участники, Пешеходы;Легкий;0;1
214153;Дорожно-транспортные происшествия;Столкновение;Магаданская область;Магадан;г Магадан, ул Болдырева, 6;150.8146;59.5547;Выезд с прилегающей территории, Остановка общественного транспорта, Отсутствие в непосредственной близости объектов УДС и объектов притяжения, Перегон (нет объектов на месте ДТП);2016-04-06 19:45:00;В темное время суток, освещение включено;Пасмурно;Отсутствие, плохая различимость горизонтальной разметки проезжей части;3;Все участники;Легкий;0;1
214982;Дорожно-транспортные происшествия;Столкновение;Магаданская область;Магадан;г Магадан, ул Пушкина, 9;150.8024;59.5678;Административные здания, Отсутствие в непосредственной близости объектов УДС и объектов притяжения, Перегон (нет объектов на месте ДТП), Регулируемый перекресток;2016-04-09 07:45:00;Светлое время суток;Ясно;Не установлены;3;Все участники;Легкий;0;1
216982;Дорожно-транспортные происшествия;Наезд на пешехода;Магаданская область;Магадан;г Магадан, ул Транспортная, 1;150.8145;59.5742;Отсутствие в непосредственной близости объектов УДС и объектов притяжения, Перегон (нет объектов на месте ДТП);2016-04-14 13:50:00;Светлое время суток;Снегопад;Отсутствие, плохая различимость горизонтальной разметки проезжей части;2;Все участники, Пешеходы;Легкий;0;1
217952;Дорожно-транспортные происшествия;Наезд на пешехода;Магаданская область;Магадан;г Магадан, ул Речная, 57;150.7905;59.5891;Жилые дома индивидуальной застройки, Нерегулируемый пешеходный переход, Отсутствие в непосредственной близости объектов УДС и объектов притяжения, Перегон (нет объектов на месте ДТП);2016-04-16 20:25:00;В темное время суток, освещение включено;Ясно;Отсутствие, плохая различимость горизонтальной разметки проезжей части;3;Все участники, Пешеходы;С погибшими;1;0
218982;Дорожно-транспортные происшествия;Столкновение;Магаданская область;Магадан;г Магадан, ул Пролетарская, 43;150.8197;59.5608;Выезд с прилегающей территории, Остановка общественного транспорта, Отсутствие в непосредственной близости объектов УДС и объектов притяжения, Перегон (нет объектов на месте ДТП);2016-04-19 11:50:00;Светлое время суток;Ясно;Не установлены;3;Все участники;Легкий;0;1
219616;Дорожно-транспортные происшествия;Съезд с дороги;Магаданская область;Ольский район;пгт Ола, ул Каширина, 6;151.2953;59.5806;Гаражные постройки (гаражный кооператив, товарищество либо иное место концентрированного размещения гаражей), Нерегулируемый перекрёсток, Нерегулируемый перекрёсток неравнозначных улиц (дорог), Тротуар, пешеходная дорожка;2016-04-21 02:27:00;В темное время суток, освещение включено;Ясно;Не установлены;4;Все участники;С погибшими;1;1
220675;Дорожно-транспортные происшествия;Столкновение;Магаданская область;Магадан;г Магадан, Р-504 Колыма Якутск - Магадан, 1980км;150.8136;59.9095;Отсутствие в непосредственной близости объектов УДС и объектов притяжения, Перегон (нет объектов на месте ДТП);2016-04-23 19:30:00;В темное время суток, освещение отсутствует;Ясно;Не установлены;2;Все участники;Легкий;0;2
221195;Дорожно-транспортные происшествия;Столкновение;Магаданская область;Магадан;г Магадан, ул Портовая, 36-10;150.7788;59.5644;Выезд с прилегающей территории, Остановка общественного транспорта, Отсутствие в непосредственной близости объектов УДС и объектов притяжения, Перегон (нет объектов на месте ДТП);2016-04-24 23:15:00;В темное время суток, освещение включено;Ясно;Не установлены;3;Все участники;Легкий;0;1
221570;Дорожно-транспортные происшествия;Съезд с дороги;Магаданская область;Магадан;г Магадан, ул Коммуны, 17;150.7933;59.5601;Жилые дома индивидуальной застройки, Нерегулируемый пешеходный переход, Отсутствие в непосредственной близости объектов УДС и объектов притяжения, Перегон (нет объектов на месте ДТП);2016-04-26 02:22:00;В темное время суток, освещение включено;Ясно;Отсутствие, плохая различимость горизонтальной разметки проезжей части;3;Все участники;Легкий;0;2
222334;Дорожно-транспортные происшествия;Съезд с дороги;Магаданская область;Магадан;г Магадан, ул Полярная, 21;150.7938;59.5616;Отсутствие в непосредственной близости объектов УДС и объектов притяжения, Перегон (нет объектов на месте ДТП);2016-04-28 04:55:00;Светлое время суток;Ясно;Отсутствие, плохая различимость горизонтальной разметки проезжей части;1;Все участники;Легкий;0;1
222362;Дорожно-транспортные происшествия;Столкновение;Магаданская область;Магадан;г Магадан, ул Транспортная, 3;150.799;59.5715;Выезд с прилегающей территории, Остановка общественного транспорта, Отсутствие в непосредственной близости объектов УДС и объектов притяжения, Перегон (нет объектов на месте ДТП);2016-04-28 08:05:00;Светлое время суток;Ясно;Отсутствие, плохая различимость горизонтальной разметки проезжей части;2;Все участники;Легкий;0;1
225726;Дорожно-транспортные происшествия;Наезд на пешехода;Магаданская область;Магадан;г Магадан, ул Коммуны, 10;150.8029;59.5642;Жилые дома индивидуальной застройки, Нерегулируемый перекрёсток, Нерегулируемый перекрёсток неравнозначных улиц (дорог), Нерегулируемый пешеходный переход;2016-05-06 09:19:00;Светлое время суток;Ясно;Отсутствие, плохая различимость горизонтальной разметки проезжей части;2;Все участники, Пешеходы;Легкий;0;1
226663;Дорожно-транспортные происшествия;Съезд с дороги;Магаданская область;Ольский район;Ольский район, МАГАДАН-БАЛАГАННОЕ-ТАЛОН, 32км;150.4561;59.6769;Отсутствие в непосредственной близости объектов УДС и объектов притяжения, Перегон (нет объектов на месте ДТП);2016-05-08 11:00:00;Светлое время суток;Ясно;Не установлены;2;Все участники;Тяжёлый;0;1
227002;Дорожно-транспортные происшествия;Наезд на пешехода;Магаданская область;Магадан;г Магадан, ул Берзина, 27;150.807701;59.58093;Отсутствие в непосредственной близости объектов УДС и объектов притяжения, Перегон (нет объектов на месте ДТП);2016-05-09 02:10:00;В темное время суток, освещение включено;Ясно;Не установлены;2;Все участники, Пешеходы;Легкий;0;1
227094;Дорожно-транспортные происшествия;Наезд на пешехода;Магаданская область;Магадан;г Магадан, ул Кольцевая, 52;150.8093;59.5501;Внутридворовая территория, Одиночный торговый объект, являющийся местом притяжения транспорта и (или) пешеходов, Отсутствие в непосредственной близости объектов УДС и объектов притяжения, Перегон (нет объектов на месте ДТП);2016-05-09 12:40:00;Светлое время суток;Ясно;Не установлены;2;Все участники, Пешеходы;Легкий;0;1
227886;Дорожно-транспортные происшествия;Наезд на пешехода;Магаданская область;Ольский район;с Тауйск, ул Приморская, 4;149.315069;59.719713;Отсутствие в непосредственной близости объектов УДС и объектов притяжения, Перегон (нет объектов на месте ДТП);2016-05-10 23:00:00;В темное время суток, освещение включено;Ясно;Не установлены;2;Все участники, Пешеходы;Легкий;0;1
228279;Дорожно-транспортные происшествия;Столкновение;Магаданская область;Магадан;г Магадан, пр-кт Карла Маркса, 11;150.795471;59.569662;Нерегулируемый перекрёсток равнозначных улиц (дорог), Отсутствие в непосредственной близости объектов УДС и объектов притяжения, Перегон (нет объектов на месте ДТП), Регулируемый перекрёсток;2016-05-11 22:15:00;В темное время суток, освещение включено;Пасмурно;Отсутствие, плохая различимость горизонтальной разметки проезжей части;2;Все участники;Легкий;0;1
228315;Дорожно-транспортные происшествия;Съезд с дороги;Магаданская область;Магадан;г Магадан, ул Пролетарская, 81;150.842657;59.548628;Отсутствие в непосредственной близости объектов УДС и объектов притяжения, Перегон (нет объектов на месте ДТП);2016-05-12 03:00:00;В темное время суток, освещение включено;Пасмурно;Не установлены;2;Все участники;Легкий;0;2
230018;Дорожно-транспортные происшествия;Съезд с дороги;Магаданская область;Магадан;г Магадан, Р-504 Колыма Якутск - Магадан, 1992км;150.9255;59.821158;Отсутствие в непосредственной близости объектов УДС и объектов притяжения, Перегон (нет объектов на месте ДТП);2016-05-15 23:00:00;В темное время суток, освещение отсутствует;Пасмурно;Не установлены;3;Все участники;Тяжёлый;0;2
230292;Дорожно-транспортные происшествия;Наезд на пешехода;Магаданская область;Магадан;г Магадан, ул Пролетарская, 96;150.8355;59.5509;Многоквартирные жилые дома, Остановка общественного транспорта, Отсутствие в непосредственной близости объектов УДС и объектов притяжения, Перегон (нет объектов на месте ДТП);2016-05-16 16:16:00;Светлое время суток;Пасмурно;Отсутствие, плохая различимость горизонтальной разметки проезжей части;2;Все участники, Пешеходы;Тяжёлый;0;1
232571;Дорожно-транспортные происшествия;Столкновение;Магаданская область;Магадан;г Магадан, ул Марчеканская, 17;150.7923;59.541;Отсутствие в непосредственной близости объектов УДС и объектов притяжения, Перегон (нет объектов на месте ДТП);2016-05-21 21:00:00;В темное время суток, освещение включено;Дождь;Не установлены;4;Все участники;Тяжёлый;0;2
232742;Дорожно-транспортные происшествия;Наезд на пешехода;Магаданская область;Магадан;г Магадан, Р-504 Колыма Якутск - Магадан, 1977км;150.9215;59.6476;Отсутствие в непосредственной близости объектов УДС и объектов притяжения, Перегон (нет объектов на месте ДТП);2016-05-22 05:30:00;Светлое время суток;Ясно;Не установлены;2;Все участники, Пешеходы;Легкий;0;1
232936;Дорожно-транспортные происшествия;Столкновение;Магаданская область;Магадан;г Магадан, ул Пушкина, 16;150.7986;59.5703;Административные здания, Отсутствие в непосредственной близости объектов УДС и объектов притяжения, Перегон (нет объектов на месте ДТП), Регулируемый перекресток;2016-05-22 17:00:00;Светлое время суток;Ясно;Отсутствие, плохая различимость горизонтальной разметки проезжей части;2;Все участники;Легкий;0;1
233059;Дорожно-транспортные происшествия;Наезд на пешехода;Магаданская область;Магадан;г Магадан, ул Пролетарская, 18;150.8118;59.5447;Внутридворовая территория, Одиночный торговый объект, являющийся местом притяжения транспорта и (или) пешеходов, Отсутствие в непосредственной близости объектов УДС и объектов притяжения, Перегон (нет объектов на месте ДТП);2016-05-22 21:00:00;Светлое время суток;Ясно;Дефекты покрытия, Неровное покрытие;3;Все участники, Пешеходы;Легкий;0;2
233757;Дорожно-транспортные происшествия;Столкновение;Магаданская область;Магадан;г Магадан, пр-кт Ленина, 1;150.8118;59.5684;Выезд с прилегающей территории, Остановка общественного транспорта, Отсутствие в непосредственной близости объектов УДС и объектов притяжения, Перегон (нет объектов на месте ДТП);2016-05-24 14:00:00;Светлое время суток;Ясно;Отсутствие, плохая различимость горизонтальной разметки проезжей части;2;Все участники, Мотоциклисты;Легкий;0;1
233963;Дорожно-транспортные происшествия;Наезд на пешехода;Магаданская область;Магадан;г Магадан, ул Гагарина, 21а;150.8112;59.5561;Внутридворовая территория, Одиночный торговый объект, являющийся местом притяжения транспорта и (или) пешеходов, Отсутствие в непосредственной близости объектов УДС и объектов притяжения, Перегон (нет объектов на месте ДТП);2016-05-24 22:00:00;В темное время суток, освещение включено;Ясно;Не установлены;2;Все участники, Пешеходы;Легкий;0;1
234446;Дорожно-транспортные происшествия;Съезд с дороги;Магаданская область;Магадан;г Магадан, Р-504 Колыма Якутск - Магадан, 1975км;150.9336;59.6373;Жилые дома индивидуальной застройки, Нерегулируемый пешеходный переход, Отсутствие в непосредственной близости объектов УДС и объектов притяжения, Перегон (нет объектов на месте ДТП);2016-05-25 23:50:00;В темное время суток, освещение отсутствует;Ясно;Неисправное освещение;4;Все участники;Легкий;0;1
235041;Дорожно-транспортные происшествия;Съезд с дороги;Магаданская область;Магадан;г Магадан, ул Первомайская, 31;150.8959;59.5291;Отсутствие в непосредственной близости объектов УДС и объектов притяжения, Перегон (нет объектов на месте ДТП);2016-05-27 11:00:00;Светлое время суток;Ясно;Не установлены;2;Все участники;Тяжёлый;0;1
236863;Дорожно-транспортные происшествия;Опрокидывание;Магаданская область;Ягоднинский район;Ягоднинский район, Р-504 Колыма Якутск - Магадан, 1602км;150.7503;62.3331;Отсутствие в непосредственной близости объектов УДС и объектов притяжения, Перегон (нет объектов на месте ДТП);2016-05-30 22:00:00;В темное время суток, освещение отсутствует;Пасмурно;Не установлены;4;Все участники;Легкий;0;3
237113;Дорожно-транспортные происшествия;Столкновение;Магаданская область;Магадан;г Магадан, ул Дзержинского, 2;150.8036;59.5691;Выезд с прилегающей территории, Остановка общественного транспорта, Отсутствие в непосредственной близости объектов УДС и объектов притяжения, Перегон (нет объектов на месте ДТП);2016-05-31 15:05:00;Светлое время суток;Ясно;Отсутствие, плохая различимость горизонтальной разметки проезжей части;2;Все участники;Легкий;0;1
237281;Дорожно-транспортные происшествия;Опрокидывание;Магаданская область;Ольский район;пгт Ола, ул Кооперативная, 24б;151.3078;59.5803;Отсутствие в непосредственной близости объектов УДС и объектов притяжения, Перегон (нет объектов на месте ДТП);2016-05-31 20:30:00;Светлое время суток;Ясно;Не установлены;1;Все участники, Мотоциклисты;Тяжёлый;0;1
237400;Дорожно-транспортные происшествия;Опрокидывание;Магаданская область;Сусуманский район;Сусуманский район, Р-504 Колыма Якутск - Магадан, 1248км;147.1889;63.0444;Отсутствие в непосредственной близости объектов УДС и объектов притяжения, Перегон (нет объектов на месте ДТП);2016-06-01 08:30:00;Светлое время суток;Ясно;Не установлены;9;Все участники, Общ. транспорт;Тяжёлый;0;9
237496;Дорожно-транспортные происшествия;Наезд на пешехода;Магаданская область;Магадан;г Магадан, ул Горького, 4;150.806907;59.565317;Жилые дома индивидуальной застройки, Нерегулируемый перекрёсток, Нерегулируемый перекрёсток неравнозначных улиц (дорог), Нерегулируемый пешеходный переход;2016-06-01 12:25:00;Светлое время суток;Ясно;Не установлены;2;Все участники, Пешеходы;Легкий;0;1
237979;Дорожно-транспортные происшествия;Столкновение;Магаданская область;Хасынский район;Хасынский район, Р-504 Колыма Якутск - Магадан, 1847км;151.7614;60.745;Иное место, Отсутствие в непосредственной близости объектов УДС и объектов притяжения, Перегон (нет объектов на месте ДТП), Школа либо иная детская (в т.ч. дошкольная) организация;2016-06-02 15:00:00;Светлое время суток;Ясно;Не установлены;7;Все участники;С погибшими;1;5
238670;Дорожно-транспортные происшествия;Наезд на пешехода;Магаданская область;Магадан;г Магадан, ш Колымское, 14;150.8217;59.5774;Иное место, Отсутствие в непосредственной близости объектов УДС и объектов притяжения, Перегон (нет объектов на месте ДТП), Школа либо иная детская (в т.ч. дошкольная) организация;2016-06-04 00:03:00;В темное время суток, освещение включено;Ясно;Не установлены;2;Все участники, Пешеходы;Легкий;0;1
239065;Дорожно-транспортные происшествия;Наезд на препятствие;Магаданская область;Магадан;пгт Сокол, ул Королева, 29;150.7501;59.9179;Гаражные постройки (гаражный кооператив, товарищество либо иное место концентрированного размещения гаражей), Нерегулируемый пешеходный переход, Отсутствие в непосредственной близости объектов УДС и объектов притяжения, Перегон (нет объектов на месте ДТП);2016-06-04 18:40:00;Светлое время суток;Ясно;Не установлены;2;Все участники, Мотоциклисты;Тяжёлый;0;1
239337;Дорожно-транспортные происшествия;Столкновение;Магаданская область;Магадан;г Магадан, ул Набережная реки Магаданки, 71;150.8379;59.5558;Отсутствие в непосредственной близости объектов УДС и объектов притяжения, Перегон (нет объектов на месте ДТП);2016-06-05 10:40:00;Светлое время суток;Ясно;Отсутствие, плохая различимость горизонтальной разметки проезжей части;2;Все участники;Легкий;0;1
239369;Дорожно-транспортные происшествия;Наезд на велосипедиста;Магаданская область;Магадан;г Магадан, пр-кт Ленина, 3;150.8111;59.5683;Административные здания, Отсутствие в непосредственной близости объектов УДС и объектов притяжения, Перегон (нет объектов на месте ДТП), Регулируемый перекресток;2016-06-05 12:25:00;Светлое время суток;Ясно;Не установлены;2;Велосипедисты, Все участники;Легкий;0;1
239493;Дорожно-транспортные происшествия;Съезд с дороги;Магаданская область;Ягоднинский район;Ягоднинский район, Р-504 Колыма Якутск - Магадан, 1468км;148.8167;62.7997;Отсутствие в непосредственной близости объектов УДС и объектов притяжения, Перегон (нет объектов на месте ДТП);2016-06-05 17:20:00;Светлое время суток;Ясно;Не установлены;2;Все участники;Тяжёлый;0;2
239715;Дорожно-транспортные происшествия;Опрокидывание;Магаданская область;Хасынский район;Хасынский район, Р-504 Колыма Якутск - Магадан, 1761км;151.981485;61.340835;Отсутствие в непосредственной близости объектов УДС и объектов притяжения, Перегон (нет объектов на месте ДТП);2016-06-06 08:00:00;Светлое время суток;Ясно;Не установлены;4;Все участники;С погибшими;1;0
239924;Дорожно-транспортные происшествия;Столкновение;Магаданская область;Магадан;г Магадан, ул Портовая, 13;150.7931;59.564;Нерегулируемый перекрёсток, Нерегулируемый перекрёсток неравнозначных улиц (дорог), Отсутствие в непосредственной близости объектов УДС и объектов притяжения, Перегон (нет объектов на месте ДТП);2016-06-06 16:29:00;Светлое время суток;Ясно;Не установлены;2;Все участники, Общ. транспорт;Легкий;0;1
240870;Дорожно-транспортные происшествия;Наезд на пешехода;Магаданская область;Магадан;г Магадан, ул Берзина, 4;150.8063;59.5799;Отсутствие в непосредственной близости объектов УДС и объектов притяжения, Перегон (нет объектов на месте ДТП);2016-06-09 03:45:00;Светлое время суток;Ясно;Отсутствие, плохая различимость горизонтальной разметки проезжей части;2;Все участники, Пешеходы;Тяжёлый;0;1
241756;Дорожно-транспортные происшествия;Столкновение;Магаданская область;Магадан;г Магадан, Р-504 Колыма Якутск - Магадан, 1979км;150.857019;59.885364;Отсутствие в непосредственной близости объектов УДС и объектов притяжения, Перегон (нет объектов на месте ДТП);2016-06-11 01:20:00;В темное время суток, освещение отсутствует;Пасмурно;Не установлены;3;Все участники;С погибшими;1;2
241949;Дорожно-транспортные происшествия;Наезд на пешехода;Магаданская область;Магадан;г Магадан, ул Попова, 7-1;150.817;59.582;Внутридворовая территория, Одиночный торговый объект, являющийся местом притяжения транспорта и (или) пешеходов, Отсутствие в непосредственной близости объектов УДС и объектов притяжения, Перегон (нет объектов на месте ДТП);2016-06-11 12:34:00;Светлое время суток;Ясно;Отсутствие, плохая различимость горизонтальной разметки проезжей части;2;Все участники, Пешеходы;Легкий;0;1
242279;Дорожно-транспортные происшествия;Наезд на препятствие;Магаданская область;Магадан;г Магадан, ул Пролетарская, 11;150.8135;59.5673;Нерегулируемый перекрёсток, Нерегулируемый перекрёсток неравнозначных улиц (дорог), Отсутствие в непосредственной близости объектов УДС и объектов притяжения, Перегон (нет объектов на месте ДТП);2016-06-12 01:20:00;В темное время суток, освещение включено;Ясно;Отсутствие, плохая различимость горизонтальной разметки проезжей части;2;Все участники;Тяжёлый;0;2
242876;Дорожно-транспортные происшествия;Наезд на препятствие;Магаданская область;Магадан;г Магадан, Р-504 Колыма Якутск - Магадан, 2009км;150.916697;59.633476;Отсутствие в непосредственной близости объектов УДС и объектов притяжения, Перегон (нет объектов на месте ДТП);2016-06-13 10:25:00;Светлое время суток;Ясно;Не установлены;2;Все участники;Легкий;0;1
244080;Дорожно-транспортные происшествия;Опрокидывание;Магаданская область;Ольский район;Ольский район, МАГАДАН-БАЛАГАННОЕ-ТАЛОН, 107км;149.257649;59.6967;Отсутствие в непосредственной близости объектов УДС и объектов притяжения, Перегон (нет объектов на месте ДТП);2016-06-16 04:00:00;Светлое время суток;Пасмурно;Неудовлетворительное состояние обочин;2;Все участники;Тяжёлый;0;2
245382;Дорожно-транспортные происшествия;Наезд на пешехода;Магаданская область;Магадан;г Магадан, ул Арманская, 26;150.7854;59.6294;Жилые дома индивидуальной застройки, Нерегулируемый пешеходный переход, Отсутствие в непосредственной близости объектов УДС и объектов притяжения, Перегон (нет объектов на месте ДТП);2016-06-18 18:00:00;Светлое время суток;Ясно;Отсутствие, плохая различимость горизонтальной разметки проезжей части;2;Все участники, Пешеходы;Тяжёлый;0;1
246328;Дорожно-транспортные происшествия;Столкновение;Магаданская область;Магадан;г Магадан, пр-кт Карла Маркса, 51-14;150.8142;59.5589;Административные здания, Отсутствие в непосредственной близости объектов УДС и объектов притяжения, Перегон (нет объектов на месте ДТП), Регулируемый перекресток;2016-06-20 14:15:00;Светлое время суток;Ясно;Не установлены;3;Все участники;Тяжёлый;0;2
246619;Дорожно-транспортные происшествия;Наезд на пешехода;Магаданская область;Магадан;г Магадан, ул Портовая, 21;150.7894;59.5645;Жилые дома индивидуальной застройки, Нерегулируемый пешеходный переход, Отсутствие в непосредственной близости объектов УДС и объектов притяжения, Перегон (нет объектов на месте ДТП);2016-06-20 23:05:00;В темное время суток, освещение не включено;Пасмурно;Неисправное освещение, Отсутствие, плохая различимость горизонтальной разметки проезжей части;2;Все участники, Пешеходы;С погибшими;1;0
246796;Дорожно-транспортные происшествия;Столкновение;Магаданская область;Магадан;г Магадан, ул Советская, 21;150.7973;59.5662;Внутридворовая территория, Одиночный торговый объект, являющийся местом притяжения транспорта и (или) пешеходов, Отсутствие в непосредственной близости объектов УДС и объектов притяжения, Перегон (нет объектов на месте ДТП);2016-06-21 12:40:00;Светлое время суток;Ясно;Не установлены;2;Велосипедисты, Все участники;Легкий;0;1
247340;Дорожно-транспортные происшествия;Опрокидывание;Магаданская область;Северо-Эвенский район;;159.4517;64.7181;Иное место, Отсутствие в непосредственной близости объектов УДС и объектов притяжения, Перегон (нет объектов на месте ДТП), Школа либо иная детская (в т.ч. дошкольная) организация;2016-06-22 15:00:00;Светлое время суток;Ясно;Не установлены;1;Все участники;Тяжёлый;0;1
248372;Дорожно-транспортные происшествия;Наезд на пешехода;Магаданская область;Магадан;г Магадан, ул Транспортная, 19;150.7915;59.5678;Выезд с прилегающей территории, Гаражные постройки (гаражный кооператив, товарищество либо иное место концентрированного размещения гаражей), Остановка общественного транспорта, Тротуар, пешеходная дорожка;2016-06-24 17:20:00;Светлое время суток;Ясно;Отсутствие, плохая различимость горизонтальной разметки проезжей части;4;Все участники, Пешеходы;Легкий;0;1
248891;Дорожно-транспортные происшествия;Наезд на велосипедиста;Магаданская область;Магадан;г Магадан, ул Транспортная, 2;150.8032;59.5721;Иное место, Отсутствие в непосредственной близости объектов УДС и объектов притяжения, Перегон (нет объектов на месте ДТП), Школа либо иная детская (в т.ч. дошкольная) организация;2016-06-25 16:55:00;Светлое время суток;Ясно;Отсутствие, плохая различимость горизонтальной разметки проезжей части;2;Велосипедисты, Все участники;Тяжёлый;0;1
249271;Дорожно-транспортные происшествия;Съезд с дороги;Магаданская область;Ягоднинский район;пгт Синегорье, ДЕБИН-СИНЕГОРЬЕ, 28км;150.8667;62.1333;Отсутствие в непосредственной близости объектов УДС и объектов притяжения, Перегон (нет объектов на месте ДТП);2016-06-26 09:50:00;Светлое время суток;Ясно;Не установлены;1;Все участники;С погибшими;1;0
250571;Дорожно-транспортные происшествия;Столкновение;Магаданская область;Магадан;г Магадан, ул Гагарина, 28;150.8117;59.5539;Административные здания, Отсутствие в непосредственной близости объектов УДС и объектов притяжения, Перегон (нет объектов на месте ДТП), Регулируемый перекресток;2016-06-28 22:15:00;В темное время суток, освещение включено;Пасмурно;Не установлены;4;Все участники;Тяжёлый;0;1
251251;Дорожно-транспортные происшествия;Столкновение;Магаданская область;Сусуманский район;;147.6206;63.3061;Иное место, Отсутствие в непосредственной близости объектов УДС и объектов притяжения, Перегон (нет объектов на месте ДТП), Школа либо иная детская (в т.ч. дошкольная) организация;2016-06-30 11:30:00;Светлое время суток;Ясно;Не установлены;3;Все участники;С погибшими;1;0
251780;Дорожно-транспортные происшествия;Столкновение;Магаданская область;Ягоднинский район;Ягоднинский район, Р-504 Колыма Якутск - Магадан, 1642км;151.6728;62.2625;Отсутствие в непосредственной близости объектов УДС и объектов притяжения, Перегон (нет объектов на месте ДТП);2016-07-01 13:30:00;Светлое время суток;Ясно;Не установлены;5;Все участники;Тяжёлый;0;3
251846;Дорожно-транспортные происшествия;Наезд на пешехода;Магаданская область;Магадан;г Магадан, ул Арманская, 49 А;150.78244;59.633183;Внутридворовая территория, Одиночный торговый объект, являющийся местом притяжения транспорта и (или) пешеходов, Отсутствие в непосредственной близости объектов УДС и объектов притяжения, Перегон (нет объектов на месте ДТП);2016-07-01 15:30:00;Светлое время суток;Ясно;Не установлены;2;Все участники, Мотоциклисты, Пешеходы;Тяжёлый;0;1
252049;Дорожно-транспортные происшествия;Съезд с дороги;Магаданская область;Магадан;г Магадан, ул Кольцевая, 36;150.8171;59.5502;Отсутствие в непосредственной близости объектов УДС и объектов притяжения, Перегон (нет объектов на месте ДТП);2016-07-01 22:30:00;Сумерки;Туман;Отсутствие, плохая различимость горизонтальной разметки проезжей части;1;Все участники;Легкий;0;1
252478;Дорожно-транспортные происшествия;Наезд на пешехода;Магаданская область;Магадан;г Магадан, ул Набережная реки Магаданки, 67;150.7888;59.6099;Жилые дома индивидуальной застройки, Нерегулируемый пешеходный переход, Отсутствие в непосредственной близости объектов УДС и объектов притяжения, Перегон (нет объектов на месте ДТП);2016-07-02 18:20:00;Светлое время суток;Ясно;Отсутствие, плохая различимость горизонтальной разметки проезжей части;2;Все участники, Пешеходы;Легкий;0;1
253099;Дорожно-транспортные происшествия;Наезд на пешехода;Магаданская область;Омсуканский район;пгт Омсукчан, ул Ленина, 34;155.7733;62.5164;Отсутствие в непосредственной близости объектов УДС и объектов притяжения, Перегон (нет объектов на месте ДТП);2016-07-03 21:50:00;Сумерки;Ясно;Не установлены;2;Все участники, Пешеходы;Тяжёлый;0;1
253437;Дорожно-транспортные происшествия;Столкновение;Магаданская область;Магадан;г Магадан, ул Пролетарская, 81;150.844038;59.548251;Выезд с прилегающей территории, Остановка общественного транспорта, Отсутствие в непосредственной близости объектов УДС и объектов притяжения, Перегон (нет объектов на месте ДТП);2016-07-04 16:00:00;Светлое время суток;Ясно;Отсутствие, плохая различимость горизонтальной разметки проезжей части;3;Все участники;Легкий;0;1
253724;Дорожно-транспортные происшествия;Съезд с дороги;Магаданская область;Ягоднинский район;Ягоднинский район, Р-504 Колыма Якутск - Магадан, 1567км;150.75;62.3183;Отсутствие в непосредственной близости объектов УДС и объектов притяжения, Перегон (нет объектов на месте ДТП);2016-07-05 08:15:00;Светлое время суток;Ясно;Не установлены;1;Все участники;Тяжёлый;0;1
254234;Дорожно-транспортные происшествия;Наезд на стоящее ТС;Магаданская область;Магадан;г Магадан, ул Кожзаводская, 12;150.8437;59.5567;Отсутствие в непосредственной близости объектов УДС и объектов притяжения, Перегон (нет объектов на месте ДТП), Подход к мосту, эстакаде, путепроводу, Школа либо иное детское (в т.ч. дошкольное) учреждение;2016-07-06 10:45:00;Светлое время суток;Ясно;Отсутствие, плохая различимость горизонтальной разметки проезжей части;3;Все участники;Легкий;0;1
254833;Дорожно-транспортные происшествия;Столкновение;Магаданская область;Магадан;г Магадан, ул Транспортная, 3;150.799029;59.571626;Нерегулируемый перекрёсток, Нерегулируемый перекрёсток неравнозначных улиц (дорог), Отсутствие в непосредственной близости объектов УДС и объектов притяжения, Перегон (нет объектов на месте ДТП);2016-07-07 15:30:00;Светлое время суток;Дождь;Отсутствие, плохая различимость горизонтальной разметки проезжей части;4;Все участники;Легкий;0;2
255567;Дорожно-транспортные происшествия;Наезд на пешехода;Магаданская область;Магадан;г Магадан, ул Шандора Шимича, 3-3;150.8049;59.5753;Отсутствие в непосредственной близости объектов УДС и объектов притяжения, Перегон (нет объектов на месте ДТП);2016-07-09 00:30:00;В темное время суток, освещение отсутствует;Пасмурно;Отсутствие, плохая различимость горизонтальной разметки проезжей части;2;Все участники, Пешеходы;Легкий;0;1
255650;Дорожно-транспортные происшествия;Наезд на препятствие;Магаданская область;Магадан;г Магадан, ул Пролетарская, 89;150.8334;59.5516;Административные здания, Отсутствие в непосредственной близости объектов УДС и объектов притяжения, Перегон (нет объектов на месте ДТП), Регулируемый перекресток;2016-07-09 05:32:00;Светлое время суток;Ясно;Отсутствие, плохая различимость горизонтальной разметки проезжей части;3;Все участники;Легкий;0;3
255668;Дорожно-транспортные происшествия;Столкновение;Магаданская область;Магадан;г Магадан, ул Арманская, 49;150.7834;59.6333;Выезд с прилегающей территории, Остановка общественного транспорта, Отсутствие в непосредственной близости объектов УДС и объектов притяжения, Перегон (нет объектов на месте ДТП);2016-07-09 06:45:00;Светлое время суток;Ясно;Отсутствие, плохая различимость горизонтальной разметки проезжей части;2;Все участники;Легкий;0;1
256543;Дорожно-транспортные происшествия;Опрокидывание;Магаданская область;Ольский район;Ольский район, МАГАДАН-БАЛАГАННОЕ-ТАЛОН, 20км;150.9225;59.635;Отсутствие в непосредственной близости объектов УДС и объектов притяжения, Перегон (нет объектов на месте ДТП);2016-07-10 19:15:00;Светлое время суток;Ясно;Не установлены;3;Все участники;Тяжёлый;0;3
256956;Дорожно-транспортные происшествия;Съезд с дороги;Магаданская область;Сусуманский район;пгт Мяунджа, ул Центральная, 47;147.1975;63.0458;Отсутствие в непосредственной близости объектов УДС и объектов притяжения, Перегон (нет объектов на месте ДТП);2016-07-11 17:00:00;Светлое время суток;Ясно;Не установлены;3;Все участники;С погибшими;1;1
257721;Дорожно-транспортные происшествия;Наезд на пешехода;Магаданская область;Магадан;г Магадан, ул Гагарина, 48;150.8131;59.5512;Выезд с прилегающей территории, Остановка общественного транспорта, Отсутствие в непосредственной близости объектов УДС и объектов притяжения, Перегон (нет объектов на месте ДТП);2016-07-13 08:47:00;Светлое время суток;Дождь;Не установлены;2;Велосипедисты, Все участники, Пешеходы;Легкий;0;2
258642;Дорожно-транспортные происшествия;Съезд с дороги;Магаданская область;Магадан;г Магадан, МАГАДАН-ГОРНЯК, 2км;150.877;59.5557;Отсутствие в непосредственной близости объектов УДС и объектов притяжения, Перегон (нет объектов на месте ДТП);2016-07-15 01:10:00;В темное время суток, освещение отсутствует;Пасмурно;Не установлены;4;Все участники;Тяжёлый;0;3
259589;Дорожно-транспортные происшествия;Съезд с дороги;Магаданская область;Магадан;г Магадан, Р-504 Колыма Якутск - Магадан, 2022км;150.843326;59.594929;Отсутствие в непосредственной близости объектов УДС и объектов притяжения, Перегон (нет объектов на месте ДТП);2016-07-16 17:55:00;Светлое время суток;Дождь;Не установлены;1;Все участники, Мотоциклисты;Легкий;0;1
259593;Дорожно-транспортные происшествия;Наезд на пешехода;Магаданская область;Магадан;г Магадан, ул Речная, 3;150.799863;59.574852;Отсутствие в непосредственной близости объектов УДС и объектов притяжения, Перегон (нет объектов на месте ДТП);2016-07-16 18:00:00;Светлое время суток;Пасмурно;Отсутствие, плохая различимость горизонтальной разметки проезжей части;2;Все участники, Пешеходы;С погибшими;1;0
260034;Дорожно-транспортные происшествия;Наезд на пешехода;Магаданская область;Магадан;г Магадан, ул Транспортная, 36;150.7891;59.5663;Отсутствие в непосредственной близости объектов УДС и объектов притяжения, Перегон (нет объектов на месте ДТП);2016-07-17 13:20:00;Светлое время суток;Пасмурно;Не установлены;2;Все участники, Пешеходы;Легкий;0;1
260325;Дорожно-транспортные происшествия;Наезд на пешехода;Магаданская область;Магадан;г Магадан, ул Попова, 3-1;150.8175;59.5838;Внутридворовая территория, Одиночный торговый объект, являющийся местом притяжения транспорта и (или) пешеходов, Отсутствие в непосредственной близости объектов УДС и объектов притяжения, Перегон (нет объектов на месте ДТП);2016-07-17 21:30:00;Сумерки;Дождь;Не установлены;2;Все участники, Пешеходы;Легкий;0;1
260362;Дорожно-транспортные происшествия;Столкновение;Магаданская область;Магадан;г Магадан, ул Пролетарская, 81;150.8417;59.5489;Выезд с прилегающей территории, Остановка общественного транспорта, Отсутствие в непосредственной близости объектов УДС и объектов притяжения, Перегон (нет объектов на месте ДТП);2016-07-17 23:00:00;В темное время суток, освещение включено;Дождь;Не установлены;3;Все участники;Легкий;0;1
260890;Дорожно-транспортные происшествия;Наезд на пешехода;Магаданская область;Магадан;г Магадан, ул Речная, 1;150.7991;59.579;Отсутствие в непосредственной близости объектов УДС и объектов притяжения, Перегон (нет объектов на месте ДТП);2016-07-18 23:08:00;В темное время суток, освещение включено;Пасмурно;Не установлены;2;Все участники, Пешеходы;Легкий;0;1
261216;Дорожно-транспортные происшествия;Съезд с дороги;Магаданская область;Магадан;г Магадан, ул Кожзаводская, 47 А;150.856102;59.557388;Отсутствие в непосредственной близости объектов УДС и объектов притяжения, Перегон (нет объектов на месте ДТП);2016-07-19 17:50:00;Светлое время суток;Пасмурно;Не установлены;2;Все участники;Легкий;0;2
261618;Дорожно-транспортные происшествия;Столкновение;Магаданская область;Магадан;г Магадан, ул Полярная, 1;150.7886;59.5642;Нерегулируемый перекрёсток, Нерегулируемый перекрёсток неравнозначных улиц (дорог), Отсутствие в непосредственной близости объектов УДС и объектов притяжения, Перегон (нет объектов на месте ДТП);2016-07-20 14:30:00;Светлое время суток;Пасмурно;Не установлены;2;Все участники;Легкий;0;1
262660;Дорожно-транспортные происшествия;Съезд с дороги;Магаданская область;Сусуманский район;Сусуманский район, ПАЛАТКА-КУЛУ-НЕКСИКАН, 462км;147.3908;62.6514;Отсутствие в непосредственной близости объектов УДС и объектов притяжения, Перегон (нет объектов на месте ДТП);2016-07-22 17:00:00;Светлое время суток;Ясно;Не установлены;2;Все участники;С погибшими;1;1
262703;Дорожно-транспортные происшествия;Наезд на пешехода;Магаданская область;Магадан;г Магадан, ул Якутская, 44а;150.8133;59.5586;Отсутствие в непосредственной близости объектов УДС и объектов притяжения, Перегон (нет объектов на месте ДТП);2016-07-22 17:53:00;Светлое время суток;Ясно;Не установлены;2;Все участники, Пешеходы;Тяжёлый;0;1
262869;Дорожно-транспортные происшествия;Съезд с дороги;Магаданская область;Магадан;г Магадан, проезд 1-й проезд Горького, 6;150.8124;59.5659;Отсутствие в непосредственной близости объектов УДС и объектов притяжения, Перегон (нет объектов на месте ДТП);2016-07-23 00:15:00;В темное время суток, освещение включено;Пасмурно;Не установлены;1;Все участники;Тяжёлый;0;1
263967;Дорожно-транспортные происшествия;Столкновение;Магаданская область;Магадан;г Магадан, ул Наровчатова, 1-78;150.8254;59.5553;Административные здания, Объект (здание, сооружение) религиозного культа, Регулируемый перекресток, Регулируемый пешеходный переход;2016-07-24 22:10:00;В темное время суток, освещение включено;Ясно;Не установлены;3;Все участники;Тяжёлый;0;3
264562;Дорожно-транспортные происшествия;Столкновение;Магаданская область;Хасынский район;Хасынский район, Р-504 Колыма Якутск - Магадан, 1838км;151.4713;60.495;Отсутствие в непосредственной близости объектов УДС и объектов притяжения, Перегон (нет объектов на месте ДТП);2016-07-26 07:15:00;Светлое время суток;Ясно;Не установлены;8;Все участники;С погибшими;3;5
264590;Дорожно-транспортные происшествия;Опрокидывание;Магаданская область;Омсуканский район;Омсукчанский район, ГОК ЛУННОЕ - КАРЬЕР АРЫЛАХ, 16км;155.185;63.0994;Иное место, Отсутствие в непосредственной близости объектов УДС и объектов притяжения, Перегон (нет объектов на месте ДТП), Школа либо иная детская (в т.ч. дошкольная) организация;2016-07-26 09:00:00;Светлое время суток;Ясно;Не установлены;1;Все участники;Тяжёлый;0;1
264632;Дорожно-транспортные происшествия;Столкновение;Магаданская область;Магадан;г Магадан, ул Якутская, 51-14;150.8128;59.5598;Административные здания, Отсутствие в непосредственной близости объектов УДС и объектов притяжения, Перегон (нет объектов на месте ДТП), Регулируемый перекресток;2016-07-26 11:20:00;Светлое время суток;Ясно;Не установлены;2;Все участники;Легкий;0;1
265003;Дорожно-транспортные происшествия;Наезд на пешехода;Магаданская область;Магадан;г Магадан, ул Берзина, 8;150.8079;59.5779;Внутридворовая территория, Одиночный торговый объект, являющийся местом притяжения транспорта и (или) пешеходов, Отсутствие в непосредственной близости объектов УДС и объектов притяжения, Перегон (нет объектов на месте ДТП);2016-07-27 01:45:00;В темное время суток, освещение включено;Пасмурно;Не установлены;2;Все участники, Пешеходы;Легкий;0;1
266320;Дорожно-транспортные происшествия;Съезд с дороги;Магаданская область;Хасынский район;Хасынский район, Р-504 Колыма Якутск - Магадан, 1856км;151.2916;60.2614;Отсутствие в непосредственной близости объектов УДС и объектов притяжения, Перегон (нет объектов на месте ДТП);2016-07-29 17:00:00;Светлое время суток;Ясно;Не установлены;2;Все участники;Тяжёлый;0;1
266339;Дорожно-транспортные происшествия;Наезд на пешехода;Магаданская область;Магадан;г Магадан, пр-кт Карла Маркса, 80;150.8212;59.5528;Гаражные постройки (гаражный кооператив, товарищество либо иное место концентрированного размещения гаражей), Отсутствие в непосредственной близости объектов УДС и объектов притяжения, Перегон (нет объектов на месте ДТП), Тротуар, пешеходная дорожка;2016-07-29 17:15:00;Светлое время суток;Пасмурно;Не установлены;2;Велосипедисты, Все участники, Пешеходы;Легкий;0;1
266681;Дорожно-транспортные происшествия;Наезд на пешехода;Магаданская область;Магадан;г Магадан, ул Арманская, 41-1;150.7838;59.63;Выезд с прилегающей территории, Остановка общественного транспорта, Отсутствие в непосредственной близости объектов УДС и объектов притяжения, Перегон (нет объектов на месте ДТП);2016-07-30 06:15:00;Светлое время суток;Ясно;Не установлены;2;Все участники, Пешеходы;Тяжёлый;0;1
266965;Дорожно-транспортные происшествия;Иной вид ДТП;Магаданская область;Магадан;г Магадан, ш Колымское, 4;150.8164;59.5737;Внутридворовая территория, Одиночный торговый объект, являющийся местом притяжения транспорта и (или) пешеходов, Отсутствие в непосредственной близости объектов УДС и объектов притяжения, Перегон (нет объектов на месте ДТП);2016-07-30 17:00:00;Светлое время суток;Ясно;Не установлены;1;Велосипедисты, Все участники;Тяжёлый;0;1
267022;Дорожно-транспортные происшествия;Столкновение;Магаданская область;Магадан;г Магадан, ул Кольцевая, 9;150.8213;59.5518;Административные здания, Объект (здание, сооружение) религиозного культа, Регулируемый перекресток, Регулируемый пешеходный переход;2016-07-30 18:50:00;Светлое время суток;Пасмурно;Не установлены;2;Все участники;Легкий;0;1
267258;Дорожно-транспортные происшествия;Наезд на препятствие;Магаданская область;Хасынский район;Хасынский район, Р-504 Колыма Якутск - Магадан, 1756км;152.434;61.2421;Отсутствие в непосредственной близости объектов УДС и объектов притяжения, Перегон (нет объектов на месте ДТП);2016-07-31 02:00:00;В темное время суток, освещение отсутствует;Ясно;Не установлены;2;Все участники;Легкий;0;1
267426;Дорожно-транспортные происшествия;Наезд на пешехода;Магаданская область;Магадан;г Магадан, ул Пролетарская, 110;150.849094;59.545708;Жилые дома индивидуальной застройки, Нерегулируемый пешеходный переход, Отсутствие в непосредственной близости объектов УДС и объектов притяжения, Перегон (нет объектов на месте ДТП);2016-07-31 12:33:00;Светлое время суток;Ясно;Не установлены;3;Все участники, Пешеходы;Легкий;0;1
268736;Дорожно-транспортные происшествия;Наезд на пешехода;Магаданская область;Магадан;г Магадан, ул Горняк, 1;150.9107;59.5677;Иной объект, Мост, эстакада, путепровод, Отсутствие в непосредственной близости объектов УДС и объектов притяжения, Перегон (нет объектов на месте ДТП);2016-08-02 18:10:00;Светлое время суток;Ясно;Не установлены;3;Все участники, Пешеходы;Легкий;0;1
269092;Дорожно-транспортные происшествия;Наезд на пешехода;Магаданская область;Магадан;г Магадан, пр-кт Карла Маркса, 38;150.803903;59.56402;Жилые дома индивидуальной застройки, Нерегулируемый пешеходный переход, Отсутствие в непосредственной близости объектов УДС и объектов притяжения, Перегон (нет объектов на месте ДТП);2016-08-03 12:40:00;Светлое время суток;Ясно;Не установлены;2;Все участники, Пешеходы;Легкий;0;1
271056;Дорожно-транспортные происшествия;Опрокидывание;Магаданская область;Магадан;г Магадан, Р-504 Колыма Якутск - Магадан, 2011км;150.9276;59.641;Отсутствие в непосредственной близости объектов УДС и объектов притяжения, Перегон (нет объектов на месте ДТП);2016-08-06 20:20:00;Светлое время суток;Ясно;Не установлены;1;Все участники, Мотоциклисты;Легкий;0;1
271065;Дорожно-транспортные происшествия;Столкновение;Магаданская область;Магадан;г Магадан, ул Пролетарская, 213;150.8747;59.5442;Отсутствие в непосредственной близости объектов УДС и объектов притяжения, Перегон (нет объектов на месте ДТП);2016-08-06 20:35:00;Светлое время суток;Ясно;Не установлены;3;Все участники;Легкий;0;2
271707;Дорожно-транспортные происшествия;Опрокидывание;Магаданская область;Ольский район;Ольский район, МАГАДАН-БАЛАГАННОЕ-ТАЛОН, 115км;149.1458;59.6542;Отсутствие в непосредственной близости объектов УДС и объектов притяжения, Перегон (нет объектов на месте ДТП);2016-08-07 23:30:00;Сумерки;Ясно;Не установлены;3;Все участники;Легкий;0;2
271726;Дорожно-транспортные происшествия;Съезд с дороги;Магаданская область;Хасынский район;Хасынский район, Р-504 Колыма Якутск - Магадан, 1745км;152.23;61.8494;Отсутствие в непосредственной близости объектов УДС и объектов притяжения, Перегон (нет объектов на месте ДТП);2016-08-08 01:00:00;В темное время суток, освещение отсутствует;Туман;Не установлены;4;Все участники;Тяжёлый;0;3
273004;Дорожно-транспортные происшествия;Наезд на стоящее ТС;Магаданская область;Магадан;г Магадан, ул Колымская, 6-2;150.821;59.5794;Объект (здание, сооружение) религиозного культа, Отсутствие в непосредственной близости объектов УДС и объектов притяжения, Перегон (нет объектов на месте ДТП), Регулируемый пешеходный переход;2016-08-10 13:43:00;Светлое время суток;Пасмурно;Не установлены;3;Все участники;Легкий;0;2
273121;Дорожно-транспортные происшествия;Опрокидывание;Магаданская область;Тенькинский район;Тенькинский район, ПАЛАТКА-КУЛУ-НЕКСИКАН, 180км;149.6289;61.1178;Отсутствие в непосредственной близости объектов УДС и объектов притяжения, Перегон (нет объектов на месте ДТП);2016-08-10 17:35:00;Светлое время суток;Пасмурно;Не установлены;1;Все участники;Тяжёлый;0;1
274248;Дорожно-транспортные происшествия;Столкновение;Магаданская область;Магадан;г Магадан, ул Гагарина, 56;150.813405;59.549291;Административные здания, Отсутствие в непосредственной близости объектов УДС и объектов притяжения, Перегон (нет объектов на месте ДТП), Регулируемый перекресток;2016-08-12 18:33:00;Светлое время суток;Ясно;Не установлены;3;Все участники;Легкий;0;2
274424;Дорожно-транспортные происшествия;Съезд с дороги;Магаданская область;Северо-Эвенский район;;159.036;62.2392;Отсутствие в непосредственной близости объектов УДС и объектов притяжения, Перегон (нет объектов на месте ДТП);2016-08-12 23:00:00;В темное время суток, освещение отсутствует;Ясно;Не установлены;1;Все участники;Тяжёлый;0;1
274554;Дорожно-транспортные происшествия;Наезд на препятствие;Магаданская область;Магадан;г Магадан, ш Портовое, 1;150.724123;59.56493;Отсутствие в непосредственной близости объектов УДС и объектов притяжения, Перегон (нет объектов на месте ДТП);2016-08-13 05:25:00;Сумерки;Дождь;Отсутствие, плохая различимость горизонтальной разметки проезжей части;2;Все участники;Тяжёлый;0;1
274595;Дорожно-транспортные происшествия;Наезд на пешехода;Магаданская область;Магадан;г Магадан, ул Портовая, 25;150.785;59.5637;АЗС, Автостоянка (отделенная от проезжей части), Отсутствие в непосредственной близости объектов УДС и объектов притяжения, Перегон (нет объектов на месте ДТП);2016-08-13 08:45:00;Светлое время суток;Пасмурно;Не установлены;2;Все участники, Пешеходы;Легкий;0;1
274782;Дорожно-транспортные происшествия;Иной вид ДТП;Магаданская область;Магадан;;150.9289;59.6436;Иное место, Отсутствие в непосредственной близости объектов УДС и объектов притяжения, Перегон (нет объектов на месте ДТП), Школа либо иная детская (в т.ч. дошкольная) организация;2016-08-13 15:00:00;Светлое время суток;Пасмурно;Не установлены;1;Все участники, Мотоциклисты;Тяжёлый;0;1
274963;Дорожно-транспортные происшествия;Столкновение;Магаданская область;Магадан;г Магадан, ул Горького, 4;150.8069;59.5652;Нерегулируемый перекрёсток, Нерегулируемый перекрёсток неравнозначных улиц (дорог), Отсутствие в непосредственной близости объектов УДС и объектов притяжения, Перегон (нет объектов на месте ДТП);2016-08-13 21:05:00;В темное время суток, освещение включено;Пасмурно;Не установлены;2;Все участники;Легкий;0;1
276056;Дорожно-транспортные происшествия;Наезд на пешехода;Магаданская область;Магадан;г Магадан, ул Брусничная, 1 г;150.791;59.6222;Отсутствие в непосредственной близости объектов УДС и объектов притяжения, Перегон (нет объектов на месте ДТП);2016-08-15 19:00:00;Светлое время суток;Пасмурно;Не установлены;2;Все участники, Пешеходы;Легкий;0;1
276323;Дорожно-транспортные происшествия;Наезд на препятствие;Магаданская область;Ольский район;с Талон, ул Советская, 2;148.65644;59.76295;Жилые дома индивидуальной застройки, Нерегулируемый перекрёсток, Нерегулируемый перекрёсток неравнозначных улиц (дорог), Нерегулируемый пешеходный переход;2016-08-16 10:00:00;Светлое время суток;Дождь;Не установлены;1;Все участники;С погибшими;1;0
277354;Дорожно-транспортные происшествия;Съезд с дороги;Магаданская область;Ягоднинский район;Ягоднинский район, Р-504 Колыма Якутск - Магадан, 1592км;150.75;62.3167;Отсутствие в непосредственной близости объектов УДС и объектов притяжения, Перегон (нет объектов на месте ДТП);2016-08-18 08:40:00;Светлое время суток;Ясно;Не установлены;1;Все участники;С погибшими;1;0
278603;Дорожно-транспортные происшествия;Наезд на препятствие;Магаданская область;Хасынский район;Хасынский район, Р-504 Колыма Якутск - Магадан, 1962км;150.729437;60.010866;Отсутствие в непосредственной близости объектов УДС и объектов притяжения, Перегон (нет объектов на месте ДТП);2016-08-20 13:05:00;Светлое время суток;Пасмурно;Не установлены;1;Все участники;Легкий;0;1
279881;Дорожно-транспортные происшествия;Наезд на пешехода;Магаданская область;Магадан;г Магадан, ул Транспортная, 3;150.8021;59.5725;Отсутствие в непосредственной близости объектов УДС и объектов притяжения, Перегон (нет объектов на месте ДТП);2016-08-22 17:20:00;Светлое время суток;Ясно;Не установлены;2;Все участники, Пешеходы;Легкий;0;1
280727;Дорожно-транспортные происшествия;Опрокидывание;Магаданская область;Тенькинский район;Тенькинский район, ПАЛАТКА-КУЛУ-НЕКСИКАН, 178км;149.6225;61.1331;Иное место, Отсутствие в непосредственной близости объектов УДС и объектов притяжения, Перегон (нет объектов на месте ДТП), Школа либо иная детская (в т.ч. дошкольная) организация;2016-08-24 09:00:00;Светлое время суток;Дождь;Не установлены;1;Все участники;Тяжёлый;0;1
280846;Дорожно-транспортные происшествия;Съезд с дороги;Магаданская область;Ольский район;Ольский район, МАГАДАН-БАЛАГАННОЕ-ТАЛОН, 32км;150.456;59.677;Отсутствие в непосредственной близости объектов УДС и объектов притяжения, Перегон (нет объектов на месте ДТП);2016-08-24 13:58:00;Светлое время суток;Дождь;Не установлены;3;Все участники;Легкий;0;2
282060;Дорожно-транспортные происшествия;Столкновение;Магаданская область;Магадан;г Магадан, Р-504 Колыма Якутск - Магадан, 2018км;150.8758;59.6015;Отсутствие в непосредственной близости объектов УДС и объектов притяжения, Перегон (нет объектов на месте ДТП);2016-08-26 18:45:00;Светлое время суток;Дождь, Пасмурно;Отсутствие временных ТСОД в местах проведения работ;5;Все участники, Общ. транспорт;С погибшими;1;4
282130;Дорожно-транспортные происшествия;Съезд с дороги;Магаданская область;Ольский район;Ольский район, МАГАДАН-БАЛАГАННОЕ-ТАЛОН, 29км;150.4508;59.6636;Отсутствие в непосредственной близости объектов УДС и объектов притяжения, Перегон (нет объектов на месте ДТП);2016-08-26 21:00:00;В темное время суток, освещение отсутствует;Дождь, Пасмурно;Не установлены;1;Все участники;Легкий;0;1
282223;Дорожно-транспортные происшествия;Наезд на пешехода;Магаданская область;Магадан;г Магадан, ул Гагарина, 28;150.8088;59.554;Жилые дома индивидуальной застройки, Нерегулируемый пешеходный переход, Отсутствие в непосредственной близости объектов УДС и объектов притяжения, Перегон (нет объектов на месте ДТП);2016-08-27 00:05:00;В темное время суток, освещение включено;Дождь, Пасмурно;Не установлены;2;Все участники, Пешеходы;С погибшими;1;0
282889;Дорожно-транспортные происшествия;Съезд с дороги;Магаданская область;Ольский район;Ольский район, МАГАДАН-БАЛАГАННОЕ-ТАЛОН, 74км;149.3797;59.7364;Отсутствие в непосредственной близости объектов УДС и объектов притяжения, Перегон (нет объектов на месте ДТП);2016-08-28 00:30:00;В темное время суток, освещение отсутствует;Ясно;Не установлены;2;Все участники;Легкий;0;2
283203;Дорожно-транспортные происшествия;Опрокидывание;Магаданская область;Сусуманский район;Сусуманский район, Р-504 Колыма Якутск - Магадан, 1378км;147.1889;63.0444;Отсутствие в непосредственной близости объектов УДС и объектов притяжения, Перегон (нет объектов на месте ДТП);2016-08-28 16:20:00;Светлое время суток;Снегопад;Не установлены;1;Все участники;Тяжёлый;0;1
284383;Дорожно-транспортные происшествия;Наезд на препятствие;Магаданская область;Магадан;пгт Сокол, Р-504 Колыма Якутск - Магадан, 1976км;150.923609;59.648397;Нерегулируемый перекрёсток, Нерегулируемый перекрёсток неравнозначных улиц (дорог), Отсутствие в непосредственной близости объектов УДС и объектов притяжения, Перегон (нет объектов на месте ДТП);2016-08-30 17:13:00;Светлое время суток;Ясно;Не установлены;1;Все участники;Легкий;0;1
284508;Дорожно-транспортные происшествия;Съезд с дороги;Магаданская область;Ольский район;Ольский район, МАГАДАН-БАЛАГАННОЕ-ТАЛОН, 108км;149.23245;59.68825;Отсутствие в непосредственной близости объектов УДС и объектов притяжения, Перегон (нет объектов на месте ДТП);2016-08-30 20:00:00;Сумерки;Ясно;Не установлены;1;Все участники;Тяжёлый;0;1
284869;Дорожно-транспортные происшествия;Наезд на пешехода;Магаданская область;Магадан;г Магадан, пр-кт Ленина, 3;150.8085;59.5677;Многоквартирные жилые дома, Объект (здание, сооружение) религиозного культа, Остановка общественного транспорта, Регулируемый пешеходный переход;2016-08-31 15:00:00;Светлое время суток;Ясно;Не установлены;2;Велосипедисты, Все участники, Пешеходы;Тяжёлый;0;1
284872;Дорожно-транспортные происшествия;Опрокидывание;Магаданская область;Тенькинский район;Тенькинский район, ПАЛАТКА-КУЛУ-НЕКСИКАН, 185км;149.5858;61.1489;Отсутствие в непосредственной близости объектов УДС и объектов притяжения, Перегон (нет объектов на месте ДТП);2016-08-31 15:00:00;Светлое время суток;Ясно;Не установлены;2;Все участники;Тяжёлый;0;1
285132;Дорожно-транспортные происшествия;Наезд на препятствие;Магаданская область;Магадан;пгт Сокол, Р-504 Колыма Якутск - Магадан, 1976км;150.9236;59.6483;Отсутствие в непосредственной близости объектов УДС и объектов притяжения, Перегон (нет объектов на месте ДТП);2016-08-31 23:45:00;В темное время суток, освещение включено;Ясно;Не установлены;3;Все участники;Легкий;0;3
285289;Дорожно-транспортные происшествия;Столкновение;Магаданская область;Тенькинский район;Тенькинский район, ПАЛАТКА-КУЛУ-НЕКСИКАН, 182км;149.6206;61.1361;Отсутствие в непосредственной близости объектов УДС и объектов притяжения, Перегон (нет объектов на месте ДТП);2016-09-01 10:45:00;Светлое время суток;Ясно;Не установлены;3;Все участники;Тяжёлый;0;1
285885;Дорожно-транспортные происшествия;Наезд на стоящее ТС;Магаданская область;Магадан;г Магадан, ш Марчеканское, 34-1;150.793585;59.547746;Жилые дома индивидуальной застройки, Нерегулируемый пешеходный переход, Отсутствие в непосредственной близости объектов УДС и объектов притяжения, Перегон (нет объектов на месте ДТП);2016-09-02 12:22:00;Светлое время суток;Ясно;Не установлены;2;Все участники;Легкий;0;1
286083;Дорожно-транспортные происшествия;Наезд на пешехода;Магаданская область;Магадан;г Магадан, ул Левонабережная, 6 А;150.806011;59.573325;Жилые дома индивидуальной застройки, Нерегулируемый пешеходный переход, Отсутствие в непосредственной близости объектов УДС и объектов притяжения, Перегон (нет объектов на месте ДТП);2016-09-02 18:12:00;Светлое время суток;Ясно;Не установлены;2;Все участники, Пешеходы;Тяжёлый;0;1
288237;Дорожно-транспортные происшествия;Съезд с дороги;Магаданская область;Сусуманский район;Сусуманский район, Р-504 Колыма Якутск - Магадан, 1368км;147.1889;63.0442;Отсутствие в непосредственной близости объектов УДС и объектов притяжения, Перегон (нет объектов на месте ДТП);2016-09-06 15:30:00;Светлое время суток;Ясно;Не установлены;3;Все участники;Тяжёлый;0;3
289565;Дорожно-транспортные происшествия;Съезд с дороги;Магаданская область;Ольский район;Ольский район, МАГАДАН-БАЛАГАННОЕ-ТАЛОН, 31км;150.4555;59.668352;Отсутствие в непосредственной близости объектов УДС и объектов притяжения, Перегон (нет объектов на месте ДТП);2016-09-09 03:00:00;В темное время суток, освещение отсутствует;Ясно;Не установлены;4;Все участники;Легкий;0;3
290483;Дорожно-транспортные происшествия;Наезд на велосипедиста;Магаданская область;Магадан;г Магадан, ул Наровчатова, 4-А;150.8255;59.5552;Внутридворовая территория, Одиночный торговый объект, являющийся местом притяжения транспорта и (или) пешеходов, Отсутствие в непосредственной близости объектов УДС и объектов притяжения, Перегон (нет объектов на месте ДТП);2016-09-10 15:43:00;Светлое время суток;Ясно;Не установлены;2;Велосипедисты, Все участники;Легкий;0;1
290881;Дорожно-транспортные происшествия;Съезд с дороги;Магаданская область;Магадан;г Магадан, ул Портовая, 38;150.7745;59.5635;Отсутствие в непосредственной близости объектов УДС и объектов притяжения, Перегон (нет объектов на месте ДТП);2016-09-11 04:35:00;Сумерки;Пасмурно;Не установлены;1;Все участники;Легкий;0;1
291186;Дорожно-транспортные происшествия;Наезд на стоящее ТС;Магаданская область;Магадан;г Магадан, Р-504 Колыма Якутск - Магадан, 2008км;150.9223;59.645;Отсутствие в непосредственной близости объектов УДС и объектов притяжения, Перегон (нет объектов на месте ДТП);2016-09-11 18:15:00;Светлое время суток;Пасмурно;Не установлены;6;Все участники, Пешеходы;С погибшими;2;2
291244;Дорожно-транспортные происшествия;Съезд с дороги;Магаданская область;Магадан;г Магадан, Р-504 Колыма Якутск - Магадан, 2018км;150.8854;59.6039;Отсутствие в непосредственной близости объектов УДС и объектов притяжения, Перегон (нет объектов на месте ДТП);2016-09-11 19:45:00;Сумерки;Пасмурно;Не установлены;2;Все участники;Легкий;0;2
291331;Дорожно-транспортные происшествия;Столкновение;Магаданская область;Магадан;г Магадан, ул Пролетарская, 218;150.8675;59.5435;Отсутствие в непосредственной близости объектов УДС и объектов притяжения, Перегон (нет объектов на месте ДТП);2016-09-11 22:15:00;В темное время суток, освещение включено;Пасмурно;Отсутствие, плохая различимость горизонтальной разметки проезжей части;2;Все участники;С погибшими;1;0
291390;Дорожно-транспортные происшествия;Опрокидывание;Магаданская область;Среднекамский район;Среднеканский район, СЕЙМЧАН-ЛАРЮКОВОЕ, 67км;152.1561;62.4767;Отсутствие в непосредственной близости объектов УДС и объектов притяжения, Перегон (нет объектов на месте ДТП);2016-09-12 02:25:00;В темное время суток, освещение отсутствует;Ясно;Не установлены;2;Все участники;Тяжёлый;0;2
291891;Дорожно-транспортные происшествия;Столкновение;Магаданская область;Ольский район;пгт Ола, СОЛНЕЧНЫЙ-ОЛА, 26км;151.2556;59.5822;Отсутствие в непосредственной близости объектов УДС и объектов притяжения, Перегон (нет объектов на месте ДТП);2016-09-12 21:00:00;В темное время суток, освещение отсутствует;Ясно;Не установлены;3;Все участники;Легкий;0;2
291916;Дорожно-транспортные происшествия;Съезд с дороги;Магаданская область;Сусуманский район;Сусуманский район, Р-504 Колыма Якутск - Магадан, 1260км;147.1889;63.0444;Отсутствие в непосредственной близости объектов УДС и объектов притяжения, Перегон (нет объектов на месте ДТП);2016-09-12 22:00:00;В темное время суток, освещение отсутствует;Ясно;Не установлены;2;Все участники;С погибшими;1;1
292006;Дорожно-транспортные происшествия;Наезд на препятствие;Магаданская область;Магадан;пгт Сокол, ФАД Колыма - объект Аэронавигации Северо-Востока, 1км;150.9261;59.6388;Отсутствие в непосредственной близости объектов УДС и объектов притяжения, Перегон (нет объектов на месте ДТП);2016-09-13 07:30:00;Светлое время суток;Ясно;Не установлены;1;Все участники;Легкий;0;1
292821;Дорожно-транспортные происшествия;Опрокидывание;Магаданская область;Хасынский район;Хасынский район, Р-504 Колыма Якутск - Магадан, 1778км;151.932483;61.192669;Отсутствие в непосредственной близости объектов УДС и объектов притяжения, Перегон (нет объектов на месте ДТП);2016-09-14 17:20:00;Светлое время суток;Ясно;Не установлены;1;Все участники;Легкий;0;1
295916;Дорожно-транспортные происшествия;Столкновение;Магаданская область;Магадан;г Магадан, ул Портовая, 1;150.7891;59.5642;Нерегулируемый перекрёсток, Нерегулируемый перекрёсток неравнозначных улиц (дорог), Отсутствие в непосредственной близости объектов УДС и объектов притяжения, Перегон (нет объектов на месте ДТП);2016-09-20 04:05:00;В темное время суток, освещение включено;Ясно;Неудовлетворительное состояние обочин;3;Все участники;Легкий;0;3
296173;Дорожно-транспортные происшествия;Наезд на велосипедиста;Магаданская область;Магадан;г Магадан, км Основная трасса 2, 0;150.8107;59.5719;Объект (здание, сооружение) религиозного культа, Отсутствие в непосредственной близости объектов УДС и объектов притяжения, Перегон (нет объектов на месте ДТП), Регулируемый пешеходный переход;2016-09-20 15:15:00;Светлое время суток;Ясно;Не установлены;2;Велосипедисты, Все участники;Тяжёлый;0;1
297417;Дорожно-транспортные происшествия;Наезд на препятствие;Магаданская область;Магадан;г Магадан, ул Портовая, 29;150.7904;59.5634;Внутридворовая территория, Одиночный торговый объект, являющийся местом притяжения транспорта и (или) пешеходов, Отсутствие в непосредственной близости объектов УДС и объектов притяжения, Перегон (нет объектов на месте ДТП);2016-09-22 22:00:00;В темное время суток, освещение включено;Ясно;Не установлены;2;Все участники;Тяжёлый;0;1
298043;Дорожно-транспортные происшествия;Опрокидывание;Магаданская область;Магадан;г Магадан, СОЛНЕЧНЫЙ - ОЛА - ДАЧНЫЕ УЧАСТКИ, 2км;150.7958;59.627;Отсутствие в непосредственной близости объектов УДС и объектов притяжения, Перегон (нет объектов на месте ДТП);2016-09-24 01:30:00;В темное время суток, освещение отсутствует;Ясно;Не установлены;3;Все участники;Тяжёлый;0;2
298065;Дорожно-транспортные происшествия;Столкновение;Магаданская область;Магадан;г Магадан, ул Гагарина, 37-42;150.8196;59.5521;Административные здания, Отсутствие в непосредственной близости объектов УДС и объектов притяжения, Перегон (нет объектов на месте ДТП), Регулируемый перекресток;2016-09-24 02:40:00;В темное время суток, освещение включено;Ясно;Не установлены;2;Все участники;Легкий;0;1
300051;Дорожно-транспортные происшествия;Столкновение;Магаданская область;Магадан;г Магадан, пр-кт Ленина, 12;150.8056;59.5664;Административные здания, Отсутствие в непосредственной близости объектов УДС и объектов притяжения, Перегон (нет объектов на месте ДТП), Регулируемый перекресток;2016-09-27 15:50:00;Светлое время суток;Ясно;Не установлены;4;Все участники;Тяжёлый;0;2
300404;Дорожно-транспортные происшествия;Столкновение;Магаданская область;Магадан;г Магадан, ул Парковая, 15;150.8103;59.5605;Административные здания, Отсутствие в непосредственной близости объектов УДС и объектов притяжения, Перегон (нет объектов на месте ДТП), Регулируемый перекресток;2016-09-28 10:10:00;Светлое время суток;Снегопад;Не установлены;2;Все участники;Легкий;0;2
302029;Дорожно-транспортные происшествия;Съезд с дороги;Магаданская область;Магадан;г Магадан, ул Рыбозаводская, 13;150.8823;59.5432;Отсутствие в непосредственной близости объектов УДС и объектов притяжения, Перегон (нет объектов на месте ДТП);2016-10-01 07:10:00;Светлое время суток;Ясно;Не установлены;1;Все участники;Легкий;0;1
303366;Дорожно-транспортные происшествия;Столкновение;Магаданская область;Магадан;г Магадан, ул Кольцевая, 13;150.82;59.55;Выезд с прилегающей территории, Остановка общественного транспорта, Отсутствие в непосредственной близости объектов УДС и объектов притяжения, Перегон (нет объектов на месте ДТП);2016-10-03 13:10:00;Светлое время суток;Ясно;Не установлены;2;Все участники;Тяжёлый;0;1
304258;Дорожно-транспортные происшествия;Опрокидывание;Магаданская область;Ягоднинский район;Ягоднинский район, ЯГОДНОЕ-ЭЛЬГЕН, 22км;149.7758;62.8208;Отсутствие в непосредственной близости объектов УДС и объектов притяжения, Перегон (нет объектов на месте ДТП);2016-10-05 00:01:00;В темное время суток, освещение отсутствует;Пасмурно, Снегопад;Недостатки зимнего содержания;1;Все участники;Легкий;0;1
305327;Дорожно-транспортные происшествия;Наезд на препятствие;Магаданская область;Магадан;г Магадан, ул Речная, 14;150.7979;59.5808;Многоквартирные жилые дома, Остановка общественного транспорта, Отсутствие в непосредственной близости объектов УДС и объектов притяжения, Перегон (нет объектов на месте ДТП);2016-10-07 08:00:00;Светлое время суток;Ясно;Не установлены;2;Все участники;Тяжёлый;0;1
305457;Дорожно-транспортные происшествия;Столкновение;Магаданская область;Магадан;г Магадан, ул Горького, 7;150.8097;59.5646;Жилые дома индивидуальной застройки, Нерегулируемый перекрёсток, Нерегулируемый перекрёсток неравнозначных улиц (дорог), Нерегулируемый пешеходный переход;2016-10-07 12:45:00;Светлое время суток;Ясно;Не установлены;2;Все участники;Легкий;0;1
306846;Дорожно-транспортные происшествия;Опрокидывание;Магаданская область;Хасынский район;Хасынский район, ПАЛАТКА-КУЛУ-НЕКСИКАН, 38км;150.912397;60.250359;Отсутствие в непосредственной близости объектов УДС и объектов притяжения, Перегон (нет объектов на месте ДТП);2016-10-09 18:00:00;Сумерки;Пасмурно;Не установлены;1;Все участники;Легкий;0;1
307548;Дорожно-транспортные происшествия;Съезд с дороги;Магаданская область;Тенькинский район;п Омчак, ПАЛАТКА-КУЛУ-НЕКСИКАН-РУДНИК ИМ. МАТРОСОВА, 303км;147.5575;61.5158;Отсутствие в непосредственной близости объектов УДС и объектов притяжения, Перегон (нет объектов на месте ДТП);2016-10-11 00:40:00;В темное время суток, освещение отсутствует;Пасмурно;Не установлены;1;Все участники;Легкий;0;1
307881;Дорожно-транспортные происшествия;Столкновение;Магаданская область;Магадан;г Магадан, Р-504 Колыма Якутск - Магадан, 2005км;150.9278;59.6442;Нерегулируемый перекрёсток, Нерегулируемый перекрёсток неравнозначных улиц (дорог), Отсутствие в непосредственной близости объектов УДС и объектов притяжения, Перегон (нет объектов на месте ДТП);2016-10-11 18:50:00;В темное время суток, освещение включено;Ясно;Не установлены;6;Все участники;Тяжёлый;0;1
310820;Дорожно-транспортные происшествия;Наезд на пешехода;Магаданская область;Магадан;г Магадан, ул Гагарина, 28;150.8088;59.554;Выезд с прилегающей территории, Остановка общественного транспорта, Отсутствие в непосредственной близости объектов УДС и объектов притяжения, Перегон (нет объектов на месте ДТП);2016-10-17 14:05:00;Светлое время суток;Ясно;Не установлены;2;Все участники, Пешеходы;Тяжёлый;0;1
311838;Дорожно-транспортные происшествия;Столкновение;Магаданская область;Магадан;г Магадан, Р-504 Колыма Якутск - Магадан, 1994км;150.9319;59.6383;Отсутствие в непосредственной близости объектов УДС и объектов притяжения, Перегон (нет объектов на месте ДТП);2016-10-19 15:50:00;Светлое время суток;Ясно;Не установлены;2;Все участники;Легкий;0;1
312355;Дорожно-транспортные происшествия;Наезд на стоящее ТС;Магаданская область;Магадан;г Магадан, ул Пролетарская, 221;150.875;59.5435;Отсутствие в непосредственной близости объектов УДС и объектов притяжения, Перегон (нет объектов на месте ДТП);2016-10-20 18:35:00;В темное время суток, освещение включено;Пасмурно;Не установлены;1;Все участники;Тяжёлый;0;1
313116;Дорожно-транспортные происшествия;Столкновение;Магаданская область;Магадан;г Магадан, ул Приморская, 7-1;150.7831;59.5594;Выезд с прилегающей территории, Остановка общественного транспорта, Отсутствие в непосредственной близости объектов УДС и объектов притяжения, Перегон (нет объектов на месте ДТП);2016-10-22 10:30:00;Светлое время суток;Ясно;Отсутствие, плохая различимость горизонтальной разметки проезжей части;2;Все участники;Тяжёлый;0;2
313846;Дорожно-транспортные происшествия;Столкновение;Магаданская область;Магадан;г Магадан, МАГАДАН-БАЛАГАННОЕ-ТАЛОН, 4км;150.7864;59.5984;Отсутствие в непосредственной близости объектов УДС и объектов притяжения, Перегон (нет объектов на месте ДТП);2016-10-23 19:00:00;В темное время суток, освещение отсутствует;Снегопад;Не установлены;5;Все участники;Легкий;0;4
314030;Дорожно-транспортные происшествия;Столкновение;Магаданская область;Магадан;г Магадан, ул Якутская, 46;150.8105;59.5575;Отсутствие в непосредственной близости объектов УДС и объектов притяжения, Перегон (нет объектов на месте ДТП);2016-10-24 08:00:00;Светлое время суток;Ясно;Не установлены;2;Все участники;Легкий;0;1
314070;Дорожно-транспортные происшествия;Съезд с дороги;Магаданская область;Магадан;г Магадан, МАГАДАН-БАЛАГАННОЕ-ТАЛОН, 10км;150.7892;59.6349;Отсутствие в непосредственной близости объектов УДС и объектов притяжения, Перегон (нет объектов на месте ДТП);2016-10-24 09:30:00;Светлое время суток;Ясно;Не установлены;2;Все участники;Легкий;0;1
314148;Дорожно-транспортные происшествия;Столкновение;Магаданская область;Магадан;г Магадан, ул Набережная реки Магаданки, 13;150.8206;59.5639;Выезд с прилегающей территории, Остановка общественного транспорта, Отсутствие в непосредственной близости объектов УДС и объектов притяжения, Перегон (нет объектов на месте ДТП);2016-10-24 13:10:00;Светлое время суток;Ясно;Не установлены;2;Все участники;Легкий;0;1
314219;Дорожно-транспортные происшествия;Опрокидывание;Магаданская область;Ягоднинский район;Ягоднинский район, Р-504 Колыма Якутск - Магадан, 1449км;151.286443;59.553496;Отсутствие в непосредственной близости объектов УДС и объектов притяжения, Перегон (нет объектов на месте ДТП);2016-10-24 16:30:00;Светлое время суток;Пасмурно;Отсутствие дорожных ограждений в необходимых местах;1;Все участники;С погибшими;1;0
314829;Дорожно-транспортные происшествия;Столкновение;Магаданская область;Магадан;г Магадан, ул Гагарина, 46;150.816;59.5512;Выезд с прилегающей территории, Остановка общественного транспорта, Отсутствие в непосредственной близости объектов УДС и объектов притяжения, Перегон (нет объектов на месте ДТП);2016-10-25 19:15:00;В темное время суток, освещение включено;Ясно;Не установлены;3;Все участники;Легкий;0;2
315125;Дорожно-транспортные происшествия;Столкновение;Магаданская область;Магадан;г Магадан, ул Пролетарская, 96;150.8354;59.5513;Отсутствие в непосредственной близости объектов УДС и объектов притяжения, Перегон (нет объектов на месте ДТП);2016-10-26 14:40:00;Светлое время суток;Ясно;Отсутствие, плохая различимость горизонтальной разметки проезжей части;3;Все участники;Тяжёлый;0;3
315172;Дорожно-транспортные происшествия;Съезд с дороги;Магаданская область;Ягоднинский район;Ягоднинский район, Р-504 Колыма Якутск - Магадан, 1592км;150.75;62.3183;Отсутствие в непосредственной близости объектов УДС и объектов притяжения, Перегон (нет объектов на месте ДТП);2016-10-26 17:00:00;Светлое время суток;Метель, Снегопад;Недостатки зимнего содержания;2;Все участники;С погибшими;1;1
316380;Дорожно-транспортные происшествия;Наезд на пешехода;Магаданская область;Магадан;г Магадан, пер Библиотечный, 10 А;150.8221;59.584;Отсутствие в непосредственной близости объектов УДС и объектов притяжения, Перегон (нет объектов на месте ДТП);2016-10-29 11:00:00;Светлое время суток;Ясно;Не установлены;2;Все участники, Пешеходы;Легкий;0;1
316917;Дорожно-транспортные происшествия;Падение пассажира;Магаданская область;Магадан;г Магадан, ул Набережная реки Магаданки, 57;150.8312;59.558;Отсутствие в непосредственной близости объектов УДС и объектов притяжения, Перегон (нет объектов на месте ДТП);2016-10-30 08:25:00;Светлое время суток;Ясно;Не установлены;2;Все участники;Легкий;0;1
317803;Дорожно-транспортные происшествия;Опрокидывание;Магаданская область;Магадан;г Магадан, ул Пролетарская, 46;150.8265;59.5603;Выезд с прилегающей территории, Остановка общественного транспорта, Отсутствие в непосредственной близости объектов УДС и объектов притяжения, Перегон (нет объектов на месте ДТП);2016-11-01 00:15:00;В темное время суток, освещение включено;Ясно;Не установлены;1;Все участники;Легкий;0;1
317941;Дорожно-транспортные происшествия;Иной вид ДТП;Магаданская область;Магадан;г Магадан, ул Транзитная, 2;150.8213;59.5788;Отсутствие в непосредственной близости объектов УДС и объектов притяжения, Перегон (нет объектов на месте ДТП);2016-11-01 11:40:00;Светлое время суток;Ясно;Не установлены;3;Все участники, Пешеходы;Легкий;0;1
318020;Дорожно-транспортные происшествия;Столкновение;Магаданская область;Магадан;г Магадан, ул Пролетарская, 83;150.8461;59.5481;Отсутствие в непосредственной близости объектов УДС и объектов притяжения, Перегон (нет объектов на месте ДТП);2016-11-01 15:15:00;Светлое время суток;Ясно;Не установлены;2;Все участники;Легкий;0;1
318758;Дорожно-транспортные происшествия;Наезд на пешехода;Магаданская область;Магадан;г Магадан, ул Дзержинского, 24;150.7971;59.5658;Жилые дома индивидуальной застройки, Нерегулируемый пешеходный переход, Отсутствие в непосредственной близости объектов УДС и объектов притяжения, Перегон (нет объектов на месте ДТП);2016-11-03 09:45:00;Светлое время суток;Ясно;Отсутствие дорожных знаков в необходимых местах;2;Все участники, Пешеходы;Тяжёлый;0;1
319967;Дорожно-транспортные происшествия;Столкновение;Магаданская область;Магадан;г Магадан, Р-504 Колыма Якутск - Магадан, 1975км;150.4459;59.5455;Жилые дома индивидуальной застройки, Нерегулируемый пешеходный переход, Отсутствие в непосредственной близости объектов УДС и объектов притяжения, Перегон (нет объектов на месте ДТП);2016-11-05 18:40:00;В темное время суток, освещение включено;Ясно;Не установлены;5;Все участники;Легкий;0;3
320095;Дорожно-транспортные происшествия;Съезд с дороги;Магаданская область;Ольский район;п Армань, ул Советская, 1А;150.1414;59.6731;Отсутствие в непосредственной близости объектов УДС и объектов притяжения, Перегон (нет объектов на месте ДТП);2016-11-06 00:03:00;В темное время суток, освещение отсутствует;Ясно;Не установлены;1;Все участники;С погибшими;1;0
323464;Дорожно-транспортные происшествия;Столкновение;Магаданская область;Магадан;г Магадан, ул Правонабережная, 17;150.806;59.5753;Нерегулируемый перекрёсток, Нерегулируемый перекрёсток неравнозначных улиц (дорог), Отсутствие в непосредственной близости объектов УДС и объектов притяжения, Перегон (нет объектов на месте ДТП);2016-11-13 17:00:00;Сумерки;Ясно;Не установлены;3;Все участники;Легкий;0;2
325693;Дорожно-транспортные происшествия;Наезд на пешехода;Магаданская область;Магадан;г Магадан, ул Дзержинского, 2;150.8036;59.5691;Гаражные постройки (гаражный кооператив, товарищество либо иное место концентрированного размещения гаражей), Отсутствие в непосредственной близости объектов УДС и объектов притяжения, Перегон (нет объектов на месте ДТП), Тротуар, пешеходная дорожка;2016-11-19 02:00:00;Сумерки;Ясно;Не установлены;2;Все участники, Пешеходы;Тяжёлый;0;1
325728;Дорожно-транспортные происшествия;Съезд с дороги;Магаданская область;Магадан;г Магадан, ул Кожзаводская, 1;150.8473;59.5567;Отсутствие в непосредственной близости объектов УДС и объектов притяжения, Перегон (нет объектов на месте ДТП);2016-11-19 06:10:00;В темное время суток, освещение включено;Пасмурно;Не установлены;2;Все участники;Легкий;0;1
325745;Дорожно-транспортные происшествия;Наезд на стоящее ТС;Магаданская область;Магадан;г Магадан, МАГАДАН-БАЛАГАННОЕ-ТАЛОН, 6км;150.7985;59.578;Отсутствие в непосредственной близости объектов УДС и объектов притяжения, Перегон (нет объектов на месте ДТП);2016-11-19 07:45:00;Светлое время суток;Пасмурно;Не установлены;2;Все участники;Тяжёлый;0;1
329356;Дорожно-транспортные происшествия;Съезд с дороги;Магаданская область;Тенькинский район;Тенькинский район, ПАЛАТКА-КУЛУ-НЕКСИКАН, 239км;148.8158;61.3411;Иной объект, Мост, эстакада, путепровод, Отсутствие в непосредственной близости объектов УДС и объектов притяжения, Перегон (нет объектов на месте ДТП);2016-11-26 23:00:00;В темное время суток, освещение отсутствует;Температура ниже -30С, Ясно;Не установлены;1;Все участники;Легкий;0;1
329548;Дорожно-транспортные происшествия;Столкновение;Магаданская область;Омсуканский район;Омсукчанский район, ГЕРБА-ОМСУКЧАН, 90км;153.57;61.836;Иное место, Отсутствие в непосредственной близости объектов УДС и объектов притяжения, Перегон (нет объектов на месте ДТП), Школа либо иная детская (в т.ч. дошкольная) организация;2016-11-27 12:15:00;В темное время суток, освещение отсутствует;Пасмурно;Не установлены;4;Все участники;Легкий;0;2
329590;Дорожно-транспортные происшествия;Наезд на пешехода;Магаданская область;Магадан;г Магадан, ул Пролетарская, 81;150.8431;59.5485;Иной объект, Мост, эстакада, путепровод, Отсутствие в непосредственной близости объектов УДС и объектов притяжения, Перегон (нет объектов на месте ДТП);2016-11-27 13:40:00;Светлое время суток;Ясно;Не установлены;2;Все участники, Пешеходы;Легкий;0;1
329985;Дорожно-транспортные происшествия;Столкновение;Магаданская область;Магадан;г Магадан, ул Набережная реки Магаданки, 55;150.83114;59.5601;Выезд с прилегающей территории, Остановка общественного транспорта, Отсутствие в непосредственной близости объектов УДС и объектов притяжения, Перегон (нет объектов на месте ДТП);2016-11-28 08:50:00;Светлое время суток;Ясно;Не установлены;2;Все участники;Тяжёлый;0;1
330045;Дорожно-транспортные происшествия;Наезд на пешехода;Магаданская область;Магадан;г Магадан, пер Лукса, 4;150.8074;59.5513;Иное место, Отсутствие в непосредственной близости объектов УДС и объектов притяжения, Перегон (нет объектов на месте ДТП), Школа либо иная детская (в т.ч. дошкольная) организация;2016-11-28 12:30:00;Светлое время суток;Ясно;Не установлены;2;Все участники, Пешеходы;Легкий;0;1
330321;Дорожно-транспортные происшествия;Наезд на стоящее ТС;Магаданская область;Магадан;г Магадан, ул Пролетарская, 98;150.84;59.5491;Отсутствие в непосредственной близости объектов УДС и объектов притяжения, Перегон (нет объектов на месте ДТП);2016-11-28 20:00:00;В темное время суток, освещение включено;Ясно;Не установлены;5;Все участники;Легкий;0;2
330710;Дорожно-транспортные происшествия;Наезд на пешехода;Магаданская область;Магадан;г Магадан, ул Потапова, 11;150.7996;59.5561;Жилые дома индивидуальной застройки, Нерегулируемый перекрёсток, Нерегулируемый перекрёсток неравнозначных улиц (дорог), Нерегулируемый пешеходный переход;2016-11-29 17:40:00;В темное время суток, освещение включено;Пасмурно;Отсутствие, плохая различимость горизонтальной разметки проезжей части;2;Все участники, Пешеходы;Легкий;0;1
330753;Дорожно-транспортные происшествия;Съезд с дороги;Магаданская область;Магадан;г Магадан, Р-504 Колыма Якутск - Магадан, 2018км;150.892443;59.605128;Отсутствие в непосредственной близости объектов УДС и объектов притяжения, Перегон (нет объектов на месте ДТП);2016-11-29 19:00:00;В темное время суток, освещение отсутствует;Ясно;Не установлены;2;Все участники;Тяжёлый;0;1
331320;Дорожно-транспортные происшествия;Столкновение;Магаданская область;Магадан;г Магадан, ш Колымское, 14;150.8192;59.5776;Отсутствие в непосредственной близости объектов УДС и объектов притяжения, Перегон (нет объектов на месте ДТП);2016-12-01 06:20:00;В темное время суток, освещение включено;Ясно;Не установлены;4;Все участники;С погибшими;1;2
